problem,num_obj,iteration,num_gens,reference_point,iRVEA_R_IGD,iNSGAIII_R_IGD,iRVEA_R_HV,iNSGAIII_R_HV,iRVEA_N_Ss,iNSGAIII_N_Ss,iRVEA_FEs,iNSGAIII_FEs
DTLZ1,3,1,100,[0.         4.67531193 3.11687462],0.7392991805960575,0.7331162312671623,8.78480425393851,9.020035721535475,2,105,23010,31800
DTLZ1,3,2,100,[0.         0.         2.21163317],0.5519478861303377,0.5518721434219548,8.07613755726923,8.059976019947658,1,105,12618,31800
DTLZ1,3,3,100,[0.        1.0227823 0.       ],0.5519215196487123,0.5519150969479761,8.063942914410294,8.060602465256467,0,105,18888,31800
DTLZ1,3,4,100,[0.         0.         0.50993851],0.551868458171341,0.5519110763972618,8.08303217550943,8.059161736914351,3,106,22770,31800
DTLZ1,3,5,100,[2.22044605e-16 3.69418863e-01 2.22044605e-16],0.5530151506147044,0.5531176230887517,8.02369431470679,8.031477162467244,12,106,21390,31800
DTLZ1,3,6,100,[2.22044605e-16 3.68189241e-01 2.22044605e-16],0.5529993499769604,0.552890008522016,8.023980591049607,8.031535406287851,40,105,32400,31800
DTLZ1,3,7,100,[2.22044605e-16 3.67317703e-01 2.22044605e-16],0.553023544848422,0.5530895504883846,8.024260897937674,8.031261242924357,68,104,32400,31800
DTLZ2,3,1,100,[1.00144272 0.         0.        ],0.008780909289867076,0.0059943259851222,8.079320318721287,8.059520736734655,18,106,27894,31800
DTLZ2,3,2,100,[2.42774248e-17 1.00038989e+00 0.00000000e+00],0.008807600460926907,0.006277214628085633,8.080239055281568,8.059960834171632,23,106,24906,31800
DTLZ2,3,3,100,[6.14680635e-18 0.00000000e+00 1.00005115e+00],0.008714024964628031,0.006993056808084716,8.080344122555802,8.061291585332205,26,105,23232,31800
DTLZ2,3,4,100,[0.66718373 0.66718373 0.33359186],0.0508875751420652,0.05144033006592664,8.924586884706482,8.996083616499023,76,106,18264,31800
DTLZ2,3,5,100,[5.07119287e-01 7.84536886e-01 2.22044605e-16],0.014474070460145245,0.002486088002282353,8.639249202206486,8.64664611092454,53,106,27534,31800
DTLZ2,3,6,100,[5.49064773e-01 8.26432524e-01 2.22044605e-16],0.006160653115865817,0.011585555898207856,8.622304995065656,8.638531808504155,69,106,32358,31800
DTLZ2,3,7,100,[5.49060613e-01 8.26426318e-01 2.22044605e-16],0.0062512812986630925,0.010971404806243062,8.622743849164864,8.635995665836,71,102,32400,31800
DTLZ3,3,1,100,[5.36104886e-32 6.23416093e+00 9.35124140e+00],0.01558355390331242,0.014988971152403096,8.741261806969328,8.852607921310643,0,105,18360,31800
DTLZ3,3,2,100,[0.35739641 0.71479282 0.71479282],0.022372507525058392,0.019126851693780297,9.093403656961412,8.994146154370942,0,106,22068,31800
DTLZ3,3,3,100,[4.06239689e-33 1.02353623e+00 0.00000000e+00],0.007875988927278754,0.006242741748266762,8.075878836008934,8.063786625334167,0,106,24588,31800
DTLZ3,3,4,100,[0.31584924 0.94754771 0.31584924],0.049200055119840505,0.022759209580669137,8.72894073381369,8.72469320684001,0,106,20988,31800
DTLZ3,3,5,100,[0.332527   0.67305679 0.67305679],0.049455152310773666,0.025085960871800757,8.740788387969094,8.89707264597197,7,105,23982,31800
DTLZ3,3,6,100,[0.32256254 0.65682085 0.65682085],0.021496735859731008,0.023578093165791465,8.919263996523526,8.870072452590065,51,105,32400,31800
DTLZ3,3,7,100,[0.33082149 0.6649348  0.6649348 ],0.022439459488429535,0.04970850403103552,8.961845276781535,8.764904408637928,89,105,32400,31800
DTLZ4,3,1,100,[1.00394762e+000 5.67976397e-229 0.00000000e+000],0.023046703994882213,0.006873662112562309,7.949522753384149,8.059721280167347,10,106,24012,31800
DTLZ4,3,2,100,[1.43917518e-17 8.32644872e-01 5.55096582e-01],0.005837407355892985,0.009785836166655244,8.780356436532545,8.833806648429317,40,105,19914,31800
DTLZ4,3,3,100,[1.43917518e-17 1.00021446e+00 0.00000000e+00],0.023217738955671197,0.0072516340547167015,7.94668726468759,8.059646221653646,33,106,29292,31800
DTLZ4,3,4,100,[7.27445359e-18 0.00000000e+00 1.00014259e+00],0.008788431532521854,0.006168593547643165,8.079481128384273,8.060952225621017,26,106,27480,31800
DTLZ4,3,5,100,[2.22044605e-16 8.27633340e-01 5.50241313e-01],0.006056528044292786,0.011654835805254716,8.625851544328926,8.59191375551946,25,100,17760,31800
DTLZ4,3,6,100,[2.22044605e-16 8.27530929e-01 5.50170789e-01],0.006060785071833615,0.01110825196173163,8.624768605771088,8.585249332124517,73,101,32400,31800
DTLZ4,3,7,100,[2.22044605e-16 8.27520361e-01 5.50163461e-01],0.006140690004129521,0.01111647859666607,8.622866738643266,8.63449279957179,74,97,32400,31800
DTLZ1,4,1,100,[0.        0.        7.1533605 0.       ],0.55892437809376,0.5589730846985936,,,0,95,35216,48000
DTLZ1,4,2,100,[0.         0.93791112 0.62527408 0.        ],0.7919236398242644,0.7564409204431566,,,0,120,8000,48000
DTLZ1,4,3,100,[0.         0.         0.         0.53670363],0.5588355990622604,0.558724930007987,,,0,120,27856,48000
DTLZ1,4,4,100,[0.        0.        0.5344449 0.       ],0.5587697503463003,0.5587210278910121,,,0,120,31744,48000
DTLZ1,4,5,100,[2.22044605e-16 2.29239782e-01 1.39052458e-01 2.22044605e-16],0.8147926401846288,0.8072702257521458,,,0,120,40928,48000
DTLZ1,4,6,100,[2.22044605e-16 2.23510211e-01 1.35839791e-01 2.22044605e-16],0.8022374246140747,0.799142620101352,,,87,120,49600,48000
DTLZ1,4,7,100,[2.22044605e-16 2.18987496e-01 1.33005732e-01 2.22044605e-16],0.8051694342159397,0.7989325948086312,,,108,121,49600,48000
DTLZ2,4,1,100,[1.57904737e-17 0.00000000e+00 9.78489672e-01 2.44622418e-01],0.08606218837502864,0.1005355285992862,,,90,120,43256,48000
DTLZ2,4,2,100,[4.04088597e-19 9.73334464e-01 0.00000000e+00 2.43333616e-01],0.08741798784906026,0.09001786573481817,,,80,120,39496,48000
DTLZ2,4,3,100,[1.59382076e-21 1.00338078e+00 0.00000000e+00 0.00000000e+00],0.00836432370660172,0.003348264416622696,,,78,118,44704,48000
DTLZ2,4,4,100,[0.98581137 0.         0.         0.24645284],0.09015845301207025,0.0915839696048427,,,21,119,3528,48000
DTLZ2,4,5,100,[2.22044605e-16 9.69813912e-01 2.22044605e-16 2.42081634e-01],0.0867320875078803,0.08965099983244763,,,58,117,33040,48000
DTLZ2,4,6,100,[2.22044605e-16 9.69536532e-01 2.22044605e-16 2.41906773e-01],0.08564057867050619,0.09244896915371192,,,98,109,49600,48000
DTLZ2,4,7,100,[2.22044605e-16 9.69536532e-01 2.22044605e-16 2.41906773e-01],0.08598332715766062,0.08827656734649969,,,92,115,49600,48000
DTLZ3,4,1,100,[7.59737219e-48 7.45220325e+00 0.00000000e+00 1.11783049e+01],0.03198417786017014,0.08148109913556792,,,0,106,43296,48000
DTLZ3,4,2,100,[7.59737219e-48 4.19980746e-01 8.39961491e-01 8.39961491e-01],0.02282622376487813,0.06450978740606932,,,0,121,42264,48000
DTLZ3,4,3,100,[7.59737219e-48 1.06849983e+00 0.00000000e+00 0.00000000e+00],0.012962205981174684,0.003660674460421626,,,0,120,23392,48000
DTLZ3,4,4,100,[0.61287413 0.         0.9193112  0.        ],0.03098711405142772,0.015292645955313369,,,0,120,36632,48000
DTLZ3,4,5,100,[2.22044605e-16 3.20412072e-01 6.57703671e-01 6.57703671e-01],0.03349786719043424,0.0349164668305073,,,13,121,30312,48000
DTLZ3,4,6,100,[2.22044605e-16 3.16163655e-01 6.52176251e-01 6.52176251e-01],0.034645597656048514,0.03223939998803037,,,118,120,49600,48000
DTLZ3,4,7,100,[2.22044605e-16 3.15254596e-01 6.51004273e-01 6.51004273e-01],0.03243409470458748,0.029453984091247148,,,122,119,49600,48000
DTLZ4,4,1,100,[3.75818602e-033 1.40160541e-179 1.00234346e+000 0.00000000e+000],0.008431709026282463,0.002885303585562454,,,47,121,45144,48000
DTLZ4,4,2,100,[6.53351724e-34 1.00033906e+00 0.00000000e+00 0.00000000e+00],0.054544867157497345,0.0029955442271063777,,,57,121,33000,48000
DTLZ4,4,3,100,[1.00019156 0.         0.         0.        ],0.0554724028261993,0.006948826658638294,,,58,121,36264,48000
DTLZ4,4,4,100,[0.90931557 0.30310519 0.30310519 0.        ],0.06318471943502771,0.0474208426968086,,,112,120,44456,48000
DTLZ4,4,5,100,[0.73296996 0.35443801 0.35443801 0.35443801],0.33985401116009273,0.3141986915799257,,,116,119,44632,48000
DTLZ4,4,6,100,[0.73113208 0.35302323 0.35302323 0.35302323],0.34424617978519334,0.31710499392019553,,,112,117,49600,48000
DTLZ4,4,7,100,[0.7292961  0.35118725 0.35118725 0.35118725],0.3014277984509346,0.3018739750311901,,,107,119,49600,48000
DTLZ1,5,1,100,[ 0.          0.          0.          0.         20.26642546],0.6151966183548484,0.5676313670979868,,,37,114,9530,63000
DTLZ1,5,2,100,[0.         0.         0.         2.70897255 4.06345883],0.6741480151064373,0.661707177309532,,,99,48,28420,63000
DTLZ1,5,3,100,[0.        0.        0.        4.2161634 0.       ],0.5633389510455769,0.5638709166906742,,,127,5,54850,63000
DTLZ1,5,4,100,[0.         0.         0.38738807 0.         1.54955228],0.5861810527704635,0.606748174163652,,,122,23,29900,63000
DTLZ1,5,5,100,"[2.22044605e-16 2.22044605e-16 2.22044605e-16 1.25916106e-01
 2.21235422e-01]",0.6382637540761252,0.7192089367114721,,,130,126,53880,63000
DTLZ1,5,6,100,"[2.22044605e-16 2.22044605e-16 2.22044605e-16 1.18842165e-01
 2.01501316e-01]",0.6372667611659429,0.8265686270850471,,,129,126,65980,63000
DTLZ1,5,7,100,"[2.22044605e-16 2.22044605e-16 2.22044605e-16 1.14174095e-01
 1.95740226e-01]",0.635084630507501,0.6415730903964608,,,130,124,66000,63000
DTLZ2,5,1,100,"[4.80715249e-17 0.00000000e+00 0.00000000e+00 1.01577868e+00
 0.00000000e+00]",0.036643135265024655,0.007838045067938178,,,84,127,49090,63000
DTLZ2,5,2,100,"[5.18561704e-34 0.00000000e+00 9.83951777e-01 0.00000000e+00
 2.45987944e-01]",0.08027457301967925,0.08603490217322055,,,88,126,22800,63000
DTLZ2,5,3,100,"[5.18561704e-34 7.68910685e-01 3.84455342e-01 3.84455342e-01
 3.84455342e-01]",0.32144037643607254,0.32173516249396117,,,128,124,26860,63000
DTLZ2,5,4,100,[0.30639263 0.         0.         0.91917789 0.30639263],0.014273288935217095,0.0630228311638472,,,125,125,52080,63000
DTLZ2,5,5,100,"[2.22044605e-16 7.48707600e-01 3.70576870e-01 3.70576870e-01
 3.70576870e-01]",0.7474018537293651,0.32605381399086353,,,4,124,3630,63000
DTLZ2,5,6,100,"[2.22044605e-16 7.48707600e-01 3.70576870e-01 3.70576870e-01
 3.70576870e-01]",0.7474018537293651,0.3286628756595578,,,4,123,3000,63000
DTLZ2,5,7,100,"[2.22044605e-16 7.49318791e-01 3.71188061e-01 3.71188061e-01
 3.71188061e-01]",0.7481072534673229,0.327496852049613,,,4,123,3000,63000
DTLZ3,5,1,100,[ 5.71493676  0.         17.14481027  5.71493676  0.        ],0.05077281741550182,0.1996423460793565,,,28,118,51460,63000
DTLZ3,5,2,100,"[1.67774829e-63 0.00000000e+00 2.61264612e+00 1.04505845e+01
 0.00000000e+00]",0.08781696163676114,0.16689355720906365,,,98,61,33570,63000
DTLZ3,5,3,100,"[1.67774829e-63 5.40560954e-01 0.00000000e+00 2.16224382e+00
 0.00000000e+00]",0.0775106933969058,0.10770355780536954,,,7,126,61390,63000
DTLZ3,5,4,100,"[1.67774829e-63 0.00000000e+00 1.18097290e+00 1.77145935e+00
 0.00000000e+00]",0.04540471585101088,0.04209350500111797,,,70,105,50290,63000
DTLZ3,5,5,100,"[2.22044605e-16 2.22044605e-16 2.22044605e-16 2.22044605e-16
 9.85516176e-01]",0.04690407454774253,0.010260911202764731,,,114,63,50780,63000
DTLZ3,5,6,100,"[2.22044605e-16 2.22044605e-16 2.22044605e-16 2.22044605e-16
 1.00597036e+00]",0.04439071514278123,0.008691724989202438,,,126,40,65000,63000
DTLZ3,5,7,100,"[2.22044605e-16 2.22044605e-16 2.22044605e-16 2.22044605e-16
 1.00388940e+00]",0.04477734858338169,0.005293995530240957,,,127,32,65000,63000
DTLZ4,5,1,100,"[2.49253662e-019 6.30744284e-051 1.01221967e+000 0.00000000e+000
 3.95770039e-112]",0.0895740693387655,0.006482396542159647,,,94,124,58510,63000
DTLZ4,5,2,100,"[3.36684839e-01 6.30744284e-51 6.73369679e-01 0.00000000e+00
 6.73369679e-01]",0.03176394326733244,0.026225642704434032,,,127,127,55060,63000
DTLZ4,5,3,100,"[1.14715574e-33 6.30744284e-51 8.39299749e-01 0.00000000e+00
 5.59533166e-01]",0.03224299270065908,0.029144462230265258,,,119,126,61020,63000
DTLZ4,5,4,100,"[1.14715574e-33 6.30744284e-51 5.56903958e-01 0.00000000e+00
 8.35355937e-01]",0.03218258416398939,0.028017048494607656,,,126,123,62140,63000
DTLZ4,5,5,100,"[3.25165946e-01 2.22044605e-16 6.59008156e-01 2.22044605e-16
 6.59008156e-01]",0.0388884977072524,0.03381765990314756,,,126,126,60360,63000
DTLZ4,5,6,100,"[3.25269293e-01 2.22044605e-16 6.58728422e-01 2.22044605e-16
 6.58728422e-01]",0.040049189417946385,0.019619563699628084,,,125,126,66000,63000
DTLZ4,5,7,100,"[3.29219189e-01 2.22044605e-16 6.62641142e-01 2.22044605e-16
 6.62641142e-01]",0.03770910518952965,0.03611958379136741,,,126,123,66000,63000
DTLZ1,6,1,100,[ 0.          0.          0.          0.          0.         52.14213955],0.5702726424702959,0.5722833938175784,,,124,93,45276,75600
DTLZ1,6,2,100,[ 0.          0.          0.          0.         31.13706352  0.        ],0.5752386301194525,0.5705832281744789,,,109,51,50736,75600
DTLZ1,6,3,100,[0.         0.         0.13545422 0.         0.40636265 0.13545422],0.7995651140212449,0.944743202698775,,,129,8,67152,75600
DTLZ1,6,4,100,[0.         0.         1.25065542 1.25065542 3.75196626 0.        ],0.6412780356049785,0.8005131717312975,,,131,22,69036,75600
DTLZ1,6,5,100,"[2.22044605e-16 2.22044605e-16 2.58852758e-02 2.22044605e-16
 1.89605703e-01 2.58852758e-02]",0.679579067521053,0.69585401982069,,,131,21,71808,75600
DTLZ1,6,6,100,"[2.22044605e-16 2.22044605e-16 2.58852758e-02 2.22044605e-16
 1.89605703e-01 2.58852758e-02]",0.6750020460791737,0.69585401982069,,,131,20,79200,75600
DTLZ1,6,7,100,"[2.22044605e-16 2.22044605e-16 2.58852758e-02 2.22044605e-16
 1.89605703e-01 2.58852758e-02]",0.6733017215224817,0.8770632317150796,,,131,39,79200,75600
DTLZ2,6,1,100,"[5.46626671e-17 6.92565260e-18 2.58734949e-17 0.00000000e+00
 1.00798054e+00 0.00000000e+00]",0.02155028495536367,0.03182926090167129,,,103,122,65172,75600
DTLZ2,6,2,100,"[2.37415258e-34 0.00000000e+00 0.00000000e+00 1.00333391e+00
 0.00000000e+00 0.00000000e+00]",0.021804909656289985,0.028017912352371627,,,116,124,62952,75600
DTLZ2,6,3,100,"[4.71028111e-35 9.17897120e-01 3.05965707e-01 0.00000000e+00
 3.05965707e-01 0.00000000e+00]",0.15473826050648265,0.03703481890190307,,,81,127,7776,75600
DTLZ2,6,4,100,"[4.71028111e-35 7.65405450e-01 3.82702725e-01 0.00000000e+00
 3.82702725e-01 3.82702725e-01]",0.3208896941862221,0.3219635183468176,,,131,127,71172,75600
DTLZ2,6,5,100,"[2.22044605e-16 8.91147796e-01 2.87876906e-01 2.22044605e-16
 2.87876906e-01 2.22044605e-16]",0.08370621179425433,0.06788054645216413,,,126,118,71856,75600
DTLZ2,6,6,100,"[2.22044605e-16 8.90889743e-01 2.87737957e-01 2.22044605e-16
 2.87737957e-01 2.22044605e-16]",0.07722914688479728,0.0698840496932679,,,128,124,79200,75600
DTLZ2,6,7,100,"[2.22044605e-16 8.91854480e-01 2.88703930e-01 2.22044605e-16
 2.88703930e-01 2.22044605e-16]",0.07853775452322988,0.07671633581444741,,,124,121,79200,75600
DTLZ3,6,1,100,"[6.20845156e-34 0.00000000e+00 0.00000000e+00 0.00000000e+00
 1.95677049e+01 4.89192622e+00]",0.09554196610342885,0.11024529145361237,,,81,119,38208,75600
DTLZ3,6,2,100,"[2.01309596e-63 0.00000000e+00 0.00000000e+00 2.98121804e+00
 1.49060902e+00 2.98121804e+00]",0.08307088651971703,0.13854942051309907,,,28,109,63648,75600
DTLZ3,6,3,100,"[2.01309596e-63 0.00000000e+00 0.00000000e+00 8.41098051e+01
 2.10274513e+01 0.00000000e+00]",0.13479654207749428,0.09895304130438864,,,111,33,64080,75600
DTLZ3,6,4,100,"[2.01309596e-63 0.00000000e+00 0.00000000e+00 5.75683064e-01
 0.00000000e+00 8.63524596e-01]",0.0738100560146997,0.3918306250121132,,,129,49,59556,75600
DTLZ3,6,5,100,"[2.22044605e-16 2.22044605e-16 2.22044605e-16 9.74671236e-01
 2.26381804e-01 2.22044605e-16]",0.12028739925278971,0.05855130201991108,,,127,77,66972,75600
DTLZ3,6,6,100,"[2.22044605e-16 2.22044605e-16 2.22044605e-16 9.65095152e-01
 2.33912489e-01 2.22044605e-16]",0.1307212823239011,0.1012560332794874,,,131,85,79200,75600
DTLZ3,6,7,100,"[2.22044605e-16 2.22044605e-16 2.22044605e-16 9.62922835e-01
 2.32554605e-01 2.22044605e-16]",0.13108952184849834,0.13959201084270564,,,130,85,79200,75600
DTLZ4,6,1,100,"[4.95548095e-019 3.50110622e-112 0.00000000e+000 1.04199948e+000
 1.72770890e-115 1.44371192e-172]",0.021003514932088102,0.027329171736879238,,,105,127,71556,75600
DTLZ4,6,2,100,"[2.91150391e-34 0.00000000e+00 6.82506954e-01 6.82506954e-01
 3.41253477e-01 0.00000000e+00]",0.08419141800053018,0.07643220174126084,,,130,127,54792,75600
DTLZ4,6,3,100,"[2.91150391e-34 0.00000000e+00 9.31353351e-01 3.10451117e-01
 3.10451117e-01 0.00000000e+00]",0.09225540469881846,0.042171959414789316,,,131,126,74952,75600
DTLZ4,6,4,100,"[2.30240340e-49 0.00000000e+00 8.36542383e-01 5.57694922e-01
 0.00000000e+00 0.00000000e+00]",0.0730251624257222,0.06271916012235314,,,130,126,73956,75600
DTLZ4,6,5,100,"[2.22044605e-16 2.22044605e-16 6.23891276e-01 6.23891276e-01
 2.90343204e-01 2.22044605e-16]",0.05895076175376354,0.05444804994942475,,,129,122,74364,75600
DTLZ4,6,6,100,"[2.22044605e-16 2.22044605e-16 6.28897997e-01 6.28897997e-01
 2.95408093e-01 2.22044605e-16]",0.0612872455846859,0.06394664216147866,,,128,124,79200,75600
DTLZ4,6,7,100,"[2.22044605e-16 2.22044605e-16 6.28986153e-01 6.28986153e-01
 2.95580269e-01 2.22044605e-16]",0.061430904607100434,0.05633526873313925,,,129,125,79200,75600
DTLZ1,7,1,100,"[ 0.         0.         0.         0.         0.        11.3617492
  2.8404373]",0.7450014122427475,0.7774510686065219,,,77,82,49042,58800
DTLZ1,7,2,100,"[ 0.          0.          0.          0.          0.          0.
 16.00642971]",0.5696632344202561,0.5746308806501067,,,84,36,38836,58800
DTLZ1,7,3,100,"[0.         0.         0.         0.         0.48908468 0.48908468
 1.46725404]",0.6648771526192699,0.8087984085377304,,,72,81,53018,58800
DTLZ1,7,4,100,"[0.         0.         0.         0.         0.         3.61484087
 0.        ]",0.608254402918564,0.5702122664175377,,,83,82,38430,58800
DTLZ1,7,5,100,"[2.22044605e-16 2.22044605e-16 2.22044605e-16 2.22044605e-16
 5.02127514e-02 5.02127514e-02 2.79014574e-01]",0.6992980051757234,0.6010373567552324,,,84,79,44366,58800
DTLZ1,7,6,100,"[2.22044605e-16 2.22044605e-16 2.22044605e-16 2.22044605e-16
 6.36794193e-02 6.36794193e-02 2.48535896e-01]",0.6406409187787893,0.7110562143446132,,,90,65,62874,58800
DTLZ1,7,7,100,"[2.22044605e-16 2.22044605e-16 2.22044605e-16 2.22044605e-16
 3.78014435e-02 3.78014435e-02 2.06478883e-01]",0.6166419932180093,0.6394857282368908,,,90,68,63840,58800
DTLZ2,7,1,100,"[7.07445662e-19 0.00000000e+00 5.75019767e-19 5.78088845e-19
 8.50240483e-01 7.18530939e-18 5.66826989e-01]",0.04625822325138227,0.044292441723919766,,,88,83,50610,58800
DTLZ2,7,2,100,"[3.25108753e-35 0.00000000e+00 0.00000000e+00 0.00000000e+00
 1.05678596e+00 0.00000000e+00 2.64196490e-01]",0.14297944917118582,0.15445779571474286,,,90,83,57582,58800
DTLZ2,7,3,100,"[3.25108753e-35 0.00000000e+00 0.00000000e+00 3.09014719e-01
 3.09014719e-01 0.00000000e+00 9.27044156e-01]",0.30289452352318147,0.07734233796527819,,,6,83,6188,58800
DTLZ2,7,4,100,"[2.29749022e-49 0.00000000e+00 0.00000000e+00 3.80561491e-01
 3.80561491e-01 3.80561491e-01 7.61122981e-01]",0.8310978912429726,0.3344161165055624,,,6,84,5600,58800
DTLZ2,7,5,100,"[2.22044605e-16 2.22044605e-16 2.22044605e-16 2.22044605e-16
 8.08982522e-01 2.22044605e-16 5.30772118e-01]",0.43153327463632823,0.030517060543517688,,,6,80,5600,58800
DTLZ2,7,6,100,"[2.22044605e-16 2.22044605e-16 2.22044605e-16 2.22044605e-16
 8.08158659e-01 2.22044605e-16 5.30195664e-01]",0.4314878263724792,0.0464860176015397,,,6,82,5600,58800
DTLZ2,7,7,100,"[2.22044605e-16 2.22044605e-16 2.22044605e-16 2.22044605e-16
 8.08158659e-01 2.22044605e-16 5.30195664e-01]",0.4314878263724792,0.045567964076586684,,,5,79,5600,58800
DTLZ3,7,1,100,"[2.41206440e-30 0.00000000e+00 0.00000000e+00 0.00000000e+00
 0.00000000e+00 2.40099709e+01 6.00249272e+00]",0.20152894540476854,0.13321029926604194,,,23,81,41552,58800
DTLZ3,7,2,100,"[2.36730748e-34 0.00000000e+00 0.00000000e+00 0.00000000e+00
 2.61016580e+00 0.00000000e+00 6.52541451e-01]",0.1449351867310952,0.09459227264708964,,,64,46,53998,58800
DTLZ3,7,3,100,"[1.47265012e-48 0.00000000e+00 0.00000000e+00 0.00000000e+00
 6.96712306e+01 1.74178076e+01 0.00000000e+00]",0.1455858146669688,0.15556457442160032,,,87,21,57694,58800
DTLZ3,7,4,100,"[1.47265012e-48 0.00000000e+00 0.00000000e+00 1.88498916e+01
 6.28329720e+00 0.00000000e+00 6.28329720e+00]",0.09916313736575692,0.10252789477277058,,,81,21,30940,58800
DTLZ3,7,5,100,"[2.22044605e-16 2.22044605e-16 2.22044605e-16 2.22044605e-16
 9.46421520e-01 2.04508831e-01 2.22044605e-16]",0.10976136924533948,0.13454728494488932,,,63,21,32228,58800
DTLZ3,7,6,100,"[2.22044605e-16 2.22044605e-16 2.22044605e-16 2.22044605e-16
 9.46331798e-01 2.14173408e-01 2.22044605e-16]",0.11887425852767204,0.13465101865677961,,,85,14,56686,58800
DTLZ3,7,7,100,"[2.22044605e-16 2.22044605e-16 2.22044605e-16 2.22044605e-16
 9.50740063e-01 2.18640863e-01 2.22044605e-16]",0.12827393572657417,0.14268881104946737,,,90,23,63588,58800
DTLZ4,7,1,100,"[2.58270163e-033 2.76354019e-033 1.02715263e-178 1.48587212e-113
 8.58080188e-103 1.04773971e+000 1.12714620e-086]",2.5906594046591227,0.03220435202218575,,,5,85,4592,58800
DTLZ4,7,2,100,"[3.52937760e-050 1.42034061e-040 8.94526619e-001 5.96351079e-001
 5.66964647e-143 3.29362361e-156 6.37838733e-302]",0.04629597099488514,0.04135619330080407,,,61,85,20650,58800
DTLZ4,7,3,100,"[3.52937760e-50 1.42034061e-40 3.09390484e-01 3.09390484e-01
 9.28171452e-01 0.00000000e+00 0.00000000e+00]",0.12221521603168607,0.10320028997987742,,,61,85,38108,58800
DTLZ4,7,4,100,"[3.52937760e-50 1.42034061e-40 3.85975655e-01 3.85975655e-01
 7.71951311e-01 3.85975655e-01 0.00000000e+00]",0.31776472346407725,0.37968359599790635,,,90,85,55580,58800
DTLZ4,7,5,100,"[2.22044605e-16 2.22044605e-16 2.51437855e-01 2.51437855e-01
 8.54561078e-01 2.22044605e-16 2.22044605e-16]",0.104735978900693,0.09741936669037117,,,89,83,61096,58800
DTLZ4,7,6,100,"[2.22044605e-16 2.22044605e-16 2.61219983e-01 2.61219983e-01
 8.64343206e-01 2.22044605e-16 2.22044605e-16]",0.1152966731202242,0.08659029181611633,,,89,82,64400,58800
DTLZ4,7,7,100,"[2.22044605e-16 2.22044605e-16 2.65103857e-01 2.65103857e-01
 8.68227081e-01 2.22044605e-16 2.22044605e-16]",0.11805801977729544,0.08426973932700532,,,89,83,64400,58800
DTLZ1,8,1,100,"[ 0.          0.          0.          0.          0.          0.
 97.50544354  0.        ]",0.5910529612223294,0.5729293223489443,,,98,117,45776,96000
DTLZ1,8,2,100,"[0.         0.         0.         0.         1.99078915 0.
 2.98618373 0.        ]",0.6702616594435695,0.818473851817451,,,96,104,77568,96000
DTLZ1,8,3,100,"[0.         0.         0.         0.         0.         0.
 0.         3.75946352]",0.5987291787451858,0.5700259183036046,,,125,82,73216,96000
DTLZ1,8,4,100,"[0.         0.         0.         0.         0.         3.66362766
 0.91590691 0.        ]",0.7545934095146569,0.7355986013301902,,,127,65,75712,96000
DTLZ1,8,5,100,"[2.22044605e-16 2.22044605e-16 2.22044605e-16 2.22044605e-16
 1.03560095e-01 2.22044605e-16 1.93429631e-01 2.22044605e-16]",0.6544713277069354,0.7731002420271537,,,124,100,72336,96000
DTLZ1,8,6,100,"[2.22044605e-16 2.22044605e-16 2.22044605e-16 2.22044605e-16
 9.02486710e-02 2.22044605e-16 1.64037172e-01 2.22044605e-16]",0.6584254633491136,0.8735984236415653,,,127,112,102336,96000
DTLZ1,8,7,100,"[2.22044605e-16 2.22044605e-16 2.22044605e-16 2.22044605e-16
 9.02486710e-02 2.22044605e-16 1.64037172e-01 2.22044605e-16]",0.6465613680492988,0.7034465968816999,,,127,61,102400,96000
DTLZ2,8,1,100,"[6.29950289e-19 5.65799190e-17 1.24978611e-17 5.34739531e-18
 2.17342038e-18 1.11936187e-17 3.14312016e-18 1.02207224e+00]",0.026022522784930776,0.03038936064524978,,,117,113,84608,96000
DTLZ2,8,2,100,"[6.12799129e-36 0.00000000e+00 0.00000000e+00 0.00000000e+00
 0.00000000e+00 0.00000000e+00 9.78250031e-01 2.44562508e-01]",0.0888105280846387,0.11000668709356691,,,40,114,11536,96000
DTLZ2,8,3,100,"[3.39987107e-40 0.00000000e+00 9.41125030e-01 0.00000000e+00
 3.13708343e-01 3.13708343e-01 0.00000000e+00 0.00000000e+00]",0.31758281296399204,0.07042999451388875,,,7,121,6688,96000
DTLZ2,8,4,100,"[1.93717497e-50 0.00000000e+00 7.67305953e-01 0.00000000e+00
 3.83652976e-01 3.83652976e-01 0.00000000e+00 3.83652976e-01]",0.866195349918351,0.3388890245916293,,,7,119,6400,96000
DTLZ2,8,5,100,"[2.22044605e-16 2.22044605e-16 8.57541094e-01 2.22044605e-16
 2.52141355e-01 2.52141355e-01 2.22044605e-16 2.22044605e-16]",0.24068000358592653,0.08979842791278246,,,7,120,6400,96000
DTLZ2,8,6,100,"[2.22044605e-16 2.22044605e-16 8.73473412e-01 2.22044605e-16
 2.68375428e-01 2.68375428e-01 2.22044605e-16 2.22044605e-16]",0.11649986092155232,0.12169921216361398,,,120,120,47200,96000
DTLZ2,8,7,100,"[2.22044605e-16 2.22044605e-16 8.68443817e-01 2.22044605e-16
 2.65289030e-01 2.65289030e-01 2.22044605e-16 2.22044605e-16]",0.12195157246075873,0.09319067126256657,,,125,119,100016,96000
DTLZ3,8,1,100,"[6.92710730e-16 0.00000000e+00 0.00000000e+00 0.00000000e+00
 0.00000000e+00 0.00000000e+00 4.45804894e+00 1.78321958e+01]",0.18547859428270752,0.1854810450920607,,,69,108,62992,96000
DTLZ3,8,2,100,"[2.11235470e-31 0.00000000e+00 0.00000000e+00 0.00000000e+00
 0.00000000e+00 0.00000000e+00 3.37604715e+00 2.25069810e+00]",0.04852135784011411,0.10088655448652618,,,106,65,91264,96000
DTLZ3,8,3,100,"[5.21945927e-34 0.00000000e+00 0.00000000e+00 0.00000000e+00
 0.00000000e+00 0.00000000e+00 1.03564988e+01 2.58912469e+00]",0.14781099680939394,0.12380531211369251,,,116,37,93664,96000
DTLZ3,8,4,100,"[3.80591624e-34 0.00000000e+00 0.00000000e+00 0.00000000e+00
 0.00000000e+00 0.00000000e+00 1.10293622e+00 4.41174488e+00]",0.18548104509206054,0.18548104509206054,,,7,43,7360,96000
DTLZ3,8,5,100,"[2.22044605e-16 2.22044605e-16 2.22044605e-16 2.22044605e-16
 2.22044605e-16 2.22044605e-16 7.57750983e-01 4.64419565e-01]",0.437158797253502,0.11145770603252285,,,7,19,6400,96000
DTLZ3,8,6,100,"[2.22044605e-16 2.22044605e-16 2.22044605e-16 2.22044605e-16
 2.22044605e-16 2.22044605e-16 7.57750983e-01 4.64419565e-01]",0.437158797253502,0.437158797253502,,,7,28,6400,96000
DTLZ3,8,7,100,"[2.22044605e-16 2.22044605e-16 2.22044605e-16 2.22044605e-16
 2.22044605e-16 2.22044605e-16 7.57750983e-01 4.64419565e-01]",0.437158797253502,0.437158797253502,,,7,88,6400,96000
DTLZ4,8,1,100,"[1.69496237e-033 2.99926350e-085 0.00000000e+000 0.00000000e+000
 2.04526404e-150 1.90935864e-069 1.68467436e-182 1.01875917e+000]",0.025537563691911694,0.02819288676505356,,,122,121,93280,96000
DTLZ4,8,2,100,"[2.21733381e-051 3.34834019e-186 1.07296771e+000 0.00000000e+000
 2.68241927e-001 0.00000000e+000 0.00000000e+000 1.44042418e-317]",0.14530235332343303,0.15633979463441303,,,127,121,84864,96000
DTLZ4,8,3,100,"[2.21733381e-51 4.77661810e-01 0.00000000e+00 0.00000000e+00
 4.77661810e-01 4.77661810e-01 4.77661810e-01 4.77661810e-01]",0.369510118847087,0.39607682606252126,,,127,121,54160,96000
DTLZ4,8,4,100,"[2.21733381e-051 3.34834019e-186 9.83370915e-001 2.45842729e-001
 0.00000000e+000 0.00000000e+000 0.00000000e+000 1.44042418e-317]",0.14639385840666366,0.15713450640899757,,,120,121,89808,96000
DTLZ4,8,5,100,"[2.22044605e-16 3.63953834e-01 2.22044605e-16 2.22044605e-16
 3.63953834e-01 3.63953834e-01 3.63953834e-01 3.63953834e-01]",0.4389706715025431,0.46666099706388753,,,127,120,60624,96000
DTLZ4,8,6,100,"[2.22044605e-16 3.74406820e-01 2.22044605e-16 2.22044605e-16
 3.74406820e-01 3.74406820e-01 3.74406820e-01 3.74406820e-01]",0.5034460332453027,0.43480536606173176,,,127,118,102400,96000
DTLZ4,8,7,100,"[2.22044605e-16 3.75595624e-01 2.22044605e-16 2.22044605e-16
 3.75595624e-01 3.75595624e-01 3.75595624e-01 3.75595624e-01]",0.4099639580479961,0.40701341116460626,,,127,120,102400,96000
DTLZ1,9,1,100,"[ 0.          0.          0.          0.          0.          0.
  0.          0.         32.59777398]",0.5988532657316099,0.5752249131790542,,,123,159,83934,149400
DTLZ1,9,2,100,"[0.         0.         0.         0.         0.         0.
 0.         5.37285602 3.58190401]",0.8121024533956327,0.869155641395244,,,150,132,88848,149400
DTLZ1,9,3,100,"[0.         0.         0.         0.         0.         0.
 0.         5.38064433 0.        ]",0.5885473161485568,0.5721397153239084,,,152,154,127656,149400
DTLZ1,9,4,100,"[0.         0.         0.         0.         0.         0.
 2.04972743 2.04972743 1.02486371]",0.9113980584939471,0.8597580030533101,,,172,153,127926,149400
DTLZ1,9,5,100,"[2.22044605e-16 3.71704832e-02 2.22044605e-16 2.22044605e-16
 2.22044605e-16 2.22044605e-16 2.22044605e-16 2.88539416e-01
 2.22044605e-16]",0.6116719698660025,0.5811444795346827,,,173,160,125262,149400
DTLZ1,9,6,100,"[2.22044605e-16 1.03133143e-02 2.22044605e-16 2.22044605e-16
 2.22044605e-16 2.22044605e-16 2.22044605e-16 2.28388902e-01
 2.22044605e-16]",0.5773923995077495,0.607664053719959,,,173,9,154458,149400
DTLZ1,9,7,100,"[2.22044605e-16 1.03133143e-02 2.22044605e-16 2.22044605e-16
 2.22044605e-16 2.22044605e-16 2.22044605e-16 2.28388902e-01
 2.22044605e-16]",0.577069295268359,0.5771217908767055,,,173,142,156600,149400
DTLZ2,9,1,100,"[1.72077339e-19 2.32070457e-19 2.18479477e-20 3.73147328e-19
 5.33368655e-20 0.00000000e+00 1.10972741e+00 2.00555837e-18
 0.00000000e+00]",0.03569461557548847,0.034625629434954355,,,159,166,103302,149400
DTLZ2,9,2,100,"[1.01571710e-36 0.00000000e+00 0.00000000e+00 0.00000000e+00
 0.00000000e+00 1.00241956e+00 0.00000000e+00 0.00000000e+00
 0.00000000e+00]",0.0340409993049415,0.03067198440909954,,,146,163,104760,149400
DTLZ2,9,3,100,"[2.92738762e-50 0.00000000e+00 0.00000000e+00 0.00000000e+00
 0.00000000e+00 2.44893982e-01 0.00000000e+00 0.00000000e+00
 9.79575928e-01]",0.15033116298691737,0.15555378886066562,,,154,164,77526,149400
DTLZ2,9,4,100,"[2.92738762e-50 0.00000000e+00 0.00000000e+00 0.00000000e+00
 0.00000000e+00 0.00000000e+00 0.00000000e+00 2.46725597e-01
 9.86902387e-01]",0.14798951924050344,0.15804838937297766,,,173,164,139716,149400
DTLZ2,9,5,100,"[2.03264766e-01 2.03264766e-01 2.22044605e-16 2.03264766e-01
 2.22044605e-16 2.03264766e-01 2.22044605e-16 2.22044605e-16
 2.03264766e-01]",1.7950741237887666,0.42372543992441375,,,8,166,10476,149400
DTLZ2,9,6,100,"[3.85173618e-01 3.85173618e-01 2.22044605e-16 3.85173618e-01
 2.22044605e-16 3.85173618e-01 2.22044605e-16 2.22044605e-16
 3.85173618e-01]",1.7950741589022174,0.46058236253017093,,,8,166,9000,149400
DTLZ2,9,7,100,"[3.84792156e-01 3.84792156e-01 2.22044605e-16 3.84792156e-01
 2.22044605e-16 3.84792156e-01 2.22044605e-16 2.22044605e-16
 3.84792156e-01]",1.7950741589138597,0.4808188105120861,,,8,166,9000,149400
DTLZ3,9,1,100,"[3.16619257e-17 0.00000000e+00 0.00000000e+00 0.00000000e+00
 0.00000000e+00 0.00000000e+00 3.45063959e+02 8.62659897e+01
 0.00000000e+00]",0.8918321235505244,0.1212539809691653,,,62,166,43380,149400
DTLZ3,9,2,100,"[2.73968617e-32 0.00000000e+00 0.00000000e+00 0.00000000e+00
 0.00000000e+00 0.00000000e+00 6.89237409e+01 0.00000000e+00
 2.75694964e+02]",0.14032130532855402,0.1895697149667625,,,143,133,97758,149400
DTLZ3,9,3,100,"[5.52066016e-33 0.00000000e+00 0.00000000e+00 0.00000000e+00
 0.00000000e+00 0.00000000e+00 4.34812038e+01 0.00000000e+00
 2.89874692e+01]",0.05246697704445668,0.16243891336819813,,,165,117,123930,149400
DTLZ3,9,4,100,"[4.55968022e-37 0.00000000e+00 0.00000000e+00 0.00000000e+00
 0.00000000e+00 0.00000000e+00 0.00000000e+00 1.23759905e+02
 3.09399763e+01]",0.14317397352324773,0.15538869024244964,,,173,90,112500,149400
DTLZ3,9,5,100,"[2.22044605e-16 2.22044605e-16 2.22044605e-16 2.22044605e-16
 2.22044605e-16 2.22044605e-16 8.04124488e-01 2.22044605e-16
 5.24028281e-01]",0.052304955977611235,0.3807897816670854,,,173,86,82854,149400
DTLZ3,9,6,100,"[2.22044605e-16 2.22044605e-16 2.22044605e-16 2.22044605e-16
 2.22044605e-16 2.22044605e-16 8.02009084e-01 2.22044605e-16
 5.23858670e-01]",0.053367781230848774,0.24240184910401724,,,172,53,156600,149400
DTLZ3,9,7,100,"[2.22044605e-16 2.22044605e-16 2.22044605e-16 2.22044605e-16
 2.22044605e-16 2.22044605e-16 8.01128066e-01 2.22044605e-16
 5.23230953e-01]",0.05308495566540321,0.34734121191552997,,,173,18,156600,149400
DTLZ4,9,1,100,"[2.26859125e-049 3.97488339e-054 4.40304506e-179 0.00000000e+000
 6.84590491e-001 2.19418058e-059 6.84590491e-001 3.42295246e-001
 0.00000000e+000]",0.17222196124669123,0.11661372673689441,,,173,166,145170,149400
DTLZ4,9,2,100,"[2.26859125e-049 7.16137719e-072 0.00000000e+000 0.00000000e+000
 8.42271395e-105 9.80133882e-001 9.32574577e-108 2.45033471e-001
 0.00000000e+000]",0.14711807265923998,0.15787754632217854,,,171,166,131616,149400
DTLZ4,9,3,100,"[2.08462864e-050 1.33626453e-082 0.00000000e+000 0.00000000e+000
 6.97150939e-001 1.02792995e-108 3.48575470e-001 6.97150939e-001
 0.00000000e+000]",0.13277697950536616,0.11054815529843379,,,172,166,103176,149400
DTLZ4,9,4,100,"[2.08462864e-050 9.00224341e-111 0.00000000e+000 0.00000000e+000
 8.36935524e-001 1.02792995e-108 0.00000000e+000 5.57957016e-001
 0.00000000e+000]",0.04894008530422807,0.043442713566596854,,,173,166,145404,149400
DTLZ4,9,5,100,"[2.22044605e-16 2.22044605e-16 2.22044605e-16 2.22044605e-16
 6.10683953e-01 2.22044605e-16 6.10683953e-01 2.76474637e-01
 2.22044605e-16]",0.17005603195772545,0.11435566088571406,,,173,166,131652,149400
DTLZ4,9,6,100,"[2.22044605e-16 2.22044605e-16 2.22044605e-16 2.22044605e-16
 6.50159904e-01 2.22044605e-16 6.50159904e-01 3.16571833e-01
 2.22044605e-16]",0.16482920008970983,0.15764033022555832,,,172,166,156600,149400
DTLZ4,9,7,100,"[2.22044605e-16 2.22044605e-16 2.22044605e-16 2.22044605e-16
 6.49306359e-01 2.22044605e-16 6.49306359e-01 3.15902844e-01
 2.22044605e-16]",0.15291607639971444,0.10755276300811112,,,173,165,156600,149400
DTLZ1,3,1,100,[2.15374712 0.         8.61498848],0.5631659024449736,0.5591298564820849,8.401108641253238,8.581548780344603,0,105,26040,31800
DTLZ1,3,2,100,[0.         0.56582708 2.26330832],0.5678266860513814,0.558585819181504,8.343824537192662,8.47502289834891,0,105,23844,31800
DTLZ1,3,3,100,[0.11060523 0.11060523 0.33181569],0.5982636373111309,0.5947472835621258,8.760280936817672,8.712770579171988,12,105,27432,31800
DTLZ1,3,4,100,[0.10470844 0.31412532 0.10470844],0.598616246659795,0.5941775172986122,8.78645668704607,8.677263063683824,40,106,24708,31800
DTLZ1,3,5,100,[0.07362141 0.07362141 0.26063713],0.585123420973722,0.5820628244819387,8.4451493922349,8.540609397869076,53,106,28380,31800
DTLZ1,3,6,100,[0.07398629 0.07398629 0.26100201],0.5854002036185316,0.5831358656627352,8.441786334869459,8.532028642444285,91,105,32400,31800
DTLZ1,3,7,100,[0.07417443 0.07417443 0.26119015],0.5855927711686003,0.5827431338481069,8.437454649644206,8.53595039996663,90,104,32400,31800
DTLZ2,3,1,100,[2.34920593e-17 1.00357798e+00 0.00000000e+00],0.008799903530984724,0.006601398910103944,8.080619468293524,8.06072636049481,26,106,27558,31800
DTLZ2,3,2,100,[1.00051278 0.         0.        ],0.00882460683273564,0.006137712718281138,8.079873918641,8.059640824522617,29,106,26136,31800
DTLZ2,3,3,100,[0.84261401 0.56174267 0.        ],0.00595535961495082,0.0094416065383119,8.777949759560709,8.85400957159508,42,105,21228,31800
DTLZ2,3,4,100,[0.66677909 0.66677909 0.33338955],0.05109293172278693,0.05144896944750926,8.929237321257425,9.002926900582187,82,106,23118,31800
DTLZ2,3,5,100,[8.27761289e-01 5.50386031e-01 2.22044605e-16],0.006244948769018805,0.010968923726540708,8.620601579269014,8.637837656111044,54,102,28386,31800
DTLZ2,3,6,100,[8.27761289e-01 5.50386031e-01 2.22044605e-16],0.006094118562327091,0.011527458877912707,8.618864375770874,8.641333370722393,71,98,32400,31800
DTLZ2,3,7,100,[8.27761289e-01 5.50386031e-01 2.22044605e-16],0.006085784347835338,0.011045462242566749,8.622659867595328,8.64173843881847,69,95,32400,31800
DTLZ3,3,1,100,[4.63606638 2.31803319 4.63606638],0.020027558253361537,0.0481140738584985,9.142833807096242,8.723883131984687,0,100,24912,31800
DTLZ3,3,2,100,[3.26041435e-32 3.01684123e+00 7.54210308e-01],0.06442734358276553,0.040787206672657936,8.315701688111112,8.700801596742219,0,65,17634,31800
DTLZ3,3,3,100,[3.26041435e-32 4.94507647e-01 1.97803059e+00],0.0625080373470201,0.0527712191721603,8.344347926351853,8.379698994344409,0,105,15408,31800
DTLZ3,3,4,100,[3.26041435e-32 1.02777562e+00 0.00000000e+00],0.007509467331758087,0.007901705680804769,8.073077210150501,8.062776637471393,0,106,26046,31800
DTLZ3,3,5,100,[2.22044605e-16 2.40375545e-01 9.87135932e-01],0.05818173147372749,0.06311838391859743,8.228038977060843,8.233143446566187,1,105,24660,31800
DTLZ3,3,6,100,[2.22044605e-16 2.40042147e-01 9.71289063e-01],0.06280310097461425,0.06721467091842505,8.220393855731924,8.231344172723984,0,106,32394,31800
DTLZ3,3,7,100,[2.22044605e-16 2.38966653e-01 9.68670648e-01],0.06217782175621131,0.06954007594948235,8.217160169270826,8.304774316894546,0,106,32400,31800
DTLZ4,3,1,100,[6.12661505e-17 8.73939289e-27 1.00146109e+00],0.008920454308342117,0.00727883004021652,8.080395754872063,8.062256753406315,21,106,24870,31800
DTLZ4,3,2,100,[3.75003512e-33 1.00030637e+00 0.00000000e+00],0.02319902915967447,0.0064227128280218045,7.946831342436409,8.060593384843202,29,105,26910,31800
DTLZ4,3,3,100,[1.00061370e+00 1.03872786e-44 0.00000000e+00],0.023155762180817177,0.006902827920209735,7.947404723402721,8.060458957503283,39,106,25704,31800
DTLZ4,3,4,100,[0.83262259 0.55508173 0.        ],0.005913297194062326,0.010145107896974367,8.777643139621551,8.786205360178965,67,102,26622,31800
DTLZ4,3,5,100,[0.65285928 0.65285928 0.31936605],0.04569093736977769,0.045534814162082306,8.705254624073874,8.779443081373168,93,103,24786,31800
DTLZ4,3,6,100,[0.66528905 0.66528905 0.33191105],0.050898150834148066,0.016017730330283954,8.704216544495113,8.930273283341357,89,106,32400,31800
DTLZ4,3,7,100,[0.66520788 0.66520788 0.33185081],0.050611545852406105,0.018805203309774546,8.65509735832479,8.88788297214782,80,98,32400,31800
DTLZ1,4,1,100,[0.         3.98328531 5.97492796 0.        ],0.6426148250639724,0.6727547263509511,,,28,39,24136,48000
DTLZ1,4,2,100,[0.         0.         0.         3.62449365],0.5672732555415133,0.5593717713747809,,,80,96,22344,48000
DTLZ1,4,3,100,[0.         0.12408515 0.37225546 0.12408515],0.7657204291027242,0.8507186323737231,,,119,117,43072,48000
DTLZ1,4,4,100,[0.         0.         0.         0.52274881],0.5587419831605556,0.5587828279933366,,,120,120,30120,48000
DTLZ1,4,5,100,[2.22044605e-16 5.41468578e-02 2.33869691e-01 5.41468578e-02],0.7074861966761825,0.7123367653694755,,,122,119,35536,48000
DTLZ1,4,6,100,[2.22044605e-16 5.97901107e-02 2.39512944e-01 5.97901107e-02],0.7105742144467706,0.7099163193450103,,,123,120,49552,48000
DTLZ1,4,7,100,[2.22044605e-16 6.00819674e-02 2.39752523e-01 6.00819674e-02],0.7103054134693534,0.7100406866083645,,,122,117,49600,48000
DTLZ2,4,1,100,[4.40400725e-17 3.17336523e-17 0.00000000e+00 1.00415783e+00],0.007517695523929086,0.004546994740542572,,,49,120,36624,48000
DTLZ2,4,2,100,[2.27882271e-34 9.96029287e-01 2.49007322e-01 0.00000000e+00],0.08592531484237864,0.09237377244974254,,,77,121,35680,48000
DTLZ2,4,3,100,[2.27882271e-34 1.00119810e+00 0.00000000e+00 0.00000000e+00],0.008360998686592855,0.0035627805884587208,,,79,119,47016,48000
DTLZ2,4,4,100,[0.3826067  0.76521341 0.3826067  0.3826067 ],0.3109696332826907,0.3523742904237813,,,119,121,27160,48000
DTLZ2,4,5,100,[0.32663557 0.32663557 0.32663557 0.70517515],0.30204716969941575,0.37118216477348803,,,118,120,36936,48000
DTLZ2,4,6,100,[0.35183184 0.35183184 0.35183184 0.72997346],0.39890117593026553,0.3506546787195907,,,120,121,49528,48000
DTLZ2,4,7,100,[0.35176936 0.35176936 0.35176936 0.72984972],0.3988585995108736,0.3091383824794805,,,104,118,49600,48000
DTLZ3,4,1,100,[6.28581549e-48 0.00000000e+00 9.16438178e+00 2.29109544e+00],0.09389369151261273,0.04876252831229028,,,30,77,39168,48000
DTLZ3,4,2,100,[6.28581549e-48 0.00000000e+00 9.25090874e-01 3.70036350e+00],0.0923720919318803,0.04661242203514216,,,49,19,39600,48000
DTLZ3,4,3,100,[6.28581549e-48 4.99958497e-01 0.00000000e+00 1.99983399e+00],0.08491247673685215,0.08534830598160752,,,9,120,44808,48000
DTLZ3,4,4,100,[0.34767286 0.         0.34767286 1.04301858],0.0546909248459027,0.05253743355800826,,,57,121,34072,48000
DTLZ3,4,5,100,[2.22044605e-16 2.33147442e-01 2.22044605e-16 9.68607670e-01],0.0766168007932433,0.08525858794895791,,,56,121,41480,48000
DTLZ3,4,6,100,[2.22044605e-16 2.25618167e-01 2.22044605e-16 9.58884071e-01],0.06943719622471993,0.07951883726845933,,,108,114,49600,48000
DTLZ3,4,7,100,[2.22044605e-16 2.27623160e-01 2.22044605e-16 9.58747865e-01],0.07353243143273848,0.08068913482992192,,,118,108,49600,48000
DTLZ4,4,1,100,[3.75271353e-033 3.13075430e-021 3.15193116e-184 1.00088389e+000],0.008828821839311147,0.003911530527235032,,,44,121,43536,48000
DTLZ4,4,2,100,[6.80631238e-01 8.76258179e-46 6.80631238e-01 3.40315619e-01],0.03682976896908956,0.03786291479457258,,,112,121,39736,48000
DTLZ4,4,3,100,[3.09608764e-34 9.71479625e-01 0.00000000e+00 2.42869906e-01],0.08446047822900317,0.09045837696057024,,,80,121,40768,48000
DTLZ4,4,4,100,[3.09608764e-34 1.00028555e+00 0.00000000e+00 0.00000000e+00],0.05535886473238184,0.003359576287595741,,,61,119,46408,48000
DTLZ4,4,5,100,[6.52174493e-01 2.22044605e-16 6.52174493e-01 3.18752230e-01],0.03335881272812708,0.031044187409668998,,,101,118,37904,48000
DTLZ4,4,6,100,[6.52174493e-01 2.22044605e-16 6.52174493e-01 3.18752230e-01],0.03263961582938951,0.03195547345708577,,,108,120,49600,48000
DTLZ4,4,7,100,[6.52174493e-01 2.22044605e-16 6.52174493e-01 3.18752230e-01],0.032904261341005485,0.03326539580355056,,,110,113,49600,48000
DTLZ1,5,1,100,[ 0.          0.          0.         21.90267935  5.47566984],0.7120254940466797,0.7180857862167572,,,81,67,24640,63000
DTLZ1,5,2,100,[0.         0.         0.         0.         5.15205841],0.563627771762583,0.5649108664868175,,,7,127,31080,63000
DTLZ1,5,3,100,[0.         0.         0.         0.46826749 0.70240123],0.6372866254805616,0.7585780000095123,,,1,126,55680,63000
DTLZ1,5,4,100,[0.         0.         0.         0.         0.50724591],0.5632835292832006,0.5741918897139998,,,112,126,48140,63000
DTLZ1,5,5,100,"[5.70680398e-02 2.22044605e-16 2.22044605e-16 1.49056732e-01
 1.49056732e-01]",0.7549310916014388,1.015272097304211,,,130,127,53870,63000
DTLZ1,5,6,100,"[4.58367124e-02 2.22044605e-16 2.22044605e-16 1.34354740e-01
 1.34354740e-01]",0.7492274756153035,0.7381055676293733,,,129,127,65590,63000
DTLZ1,5,7,100,"[5.62142985e-02 2.22044605e-16 2.22044605e-16 1.44579029e-01
 1.44579029e-01]",0.7224383953288785,0.720894881553315,,,129,127,65940,63000
DTLZ2,5,1,100,"[4.76671250e-17 9.19314406e-18 7.08790186e-18 3.34502807e-17
 1.01410064e+00]",0.03500501064769987,0.014973566710506763,,,102,125,50350,63000
DTLZ2,5,2,100,"[1.88965884e-34 0.00000000e+00 5.58962669e-01 0.00000000e+00
 8.38444003e-01]",0.032117912748634174,0.032048864008421996,,,114,125,36650,63000
DTLZ2,5,3,100,"[1.88965884e-34 5.56002432e-01 8.34003649e-01 0.00000000e+00
 0.00000000e+00]",0.032121412585909566,0.027077485185902608,,,124,124,50730,63000
DTLZ2,5,4,100,[0.38311251 0.38311251 0.         0.38311251 0.76622503],0.7560306515249174,0.33445295180358514,,,4,125,3630,63000
DTLZ2,5,5,100,"[2.22044605e-16 5.51197871e-01 8.28877524e-01 2.22044605e-16
 2.22044605e-16]",0.3717732713019825,0.025585828955548513,,,4,116,3000,63000
DTLZ2,5,6,100,"[2.22044605e-16 5.51197871e-01 8.28877524e-01 2.22044605e-16
 2.22044605e-16]",0.3717732713019825,0.02461482871463067,,,4,123,3000,63000
DTLZ2,5,7,100,"[2.22044605e-16 5.52605668e-01 8.30285321e-01 2.22044605e-16
 2.22044605e-16]",0.3722732718318001,0.0273215404487942,,,4,122,3000,63000
DTLZ3,5,1,100,"[1.54649664e-47 0.00000000e+00 6.98611936e+00 6.98611936e+00
 2.09583581e+01]",0.0970490799336043,0.20964857208044319,,,39,126,53870,63000
DTLZ3,5,2,100,"[1.31403035e-51 0.00000000e+00 5.18409579e+00 2.59204790e+00
 5.18409579e+00]",0.06883409430679703,0.060258813929313516,,,7,123,53050,63000
DTLZ3,5,3,100,"[1.31403035e-51 0.00000000e+00 2.63076404e+00 1.75384269e+00
 0.00000000e+00]",0.03598974340874211,0.028047195492229556,,,45,25,54610,63000
DTLZ3,5,4,100,"[1.31403035e-51 0.00000000e+00 3.47919935e-01 1.39167974e+00
 0.00000000e+00]",0.08134090324560359,0.1011949091336303,,,101,36,56080,63000
DTLZ3,5,5,100,"[2.22044605e-16 2.22044605e-16 7.74668280e-01 4.80503143e-01
 2.22044605e-16]",0.029915005390269134,0.02099806835975259,,,125,97,55850,63000
DTLZ3,5,6,100,"[2.22044605e-16 2.22044605e-16 8.17403342e-01 5.36887589e-01
 2.22044605e-16]",0.03883068078704328,0.02268342356806114,,,130,94,65750,63000
DTLZ3,5,7,100,"[2.22044605e-16 2.22044605e-16 8.34025640e-01 5.54182307e-01
 2.22044605e-16]",0.033736647347412815,0.015902615711602158,,,130,108,65950,63000
DTLZ4,5,1,100,"[2.62051956e-17 6.83622877e-01 6.83622877e-01 3.41811439e-01
 0.00000000e+00]",0.04044809572397455,0.033617776694390665,,,123,127,60250,63000
DTLZ4,5,2,100,[0.38768653 0.38768653 0.77537305 0.         0.38768653],0.315525602575284,0.32942742296572625,,,127,125,58740,63000
DTLZ4,5,3,100,[0.30466069 0.30466069 0.91398206 0.         0.        ],0.0156277696147859,0.017217174439940867,,,122,126,62090,63000
DTLZ4,5,4,100,"[8.67379263e-50 1.00240927e+00 0.00000000e+00 0.00000000e+00
 0.00000000e+00]",0.08919709575003056,0.004858709102213268,,,87,127,58380,63000
DTLZ4,5,5,100,"[3.73450890e-01 3.73450890e-01 7.51853748e-01 2.22044605e-16
 3.73450890e-01]",0.29866271952058915,0.329146768809482,,,122,126,57810,63000
DTLZ4,5,6,100,"[3.73002801e-01 3.73002801e-01 7.51281324e-01 2.22044605e-16
 3.73002801e-01]",0.30873617186677665,0.30991903927160797,,,124,123,66000,63000
DTLZ4,5,7,100,"[3.75159825e-01 3.75159825e-01 7.53314518e-01 2.22044605e-16
 3.75159825e-01]",0.3147265105477391,0.32342626261163154,,,120,123,66000,63000
DTLZ1,6,1,100,[ 0.          0.          0.          0.          0.         27.82971278],0.5739419447477638,0.5726491566773492,,,102,98,20592,75600
DTLZ1,6,2,100,[0.         0.         0.         0.         9.96350645 0.        ],0.5767279563292126,0.5726491566773493,,,91,88,54360,75600
DTLZ1,6,3,100,[0.         0.         0.         0.         0.34781807 0.52172711],0.6896422966405564,0.8349826747210216,,,131,39,70848,75600
DTLZ1,6,4,100,[0.         0.         0.         0.         0.37168916 1.48675663],0.5791353516608803,0.6284642697518027,,,131,36,73572,75600
DTLZ1,6,5,100,"[2.22044605e-16 2.22044605e-16 2.22044605e-16 2.22044605e-16
 1.08565865e-01 1.90184039e-01]",0.6560404168059175,0.6966522472673249,,,131,7,71964,75600
DTLZ1,6,6,100,"[2.22044605e-16 2.22044605e-16 2.22044605e-16 2.22044605e-16
 1.01077551e-01 1.79715666e-01]",0.6547219377566156,0.6614165952174892,,,130,11,79200,75600
DTLZ1,6,7,100,"[2.22044605e-16 2.22044605e-16 2.22044605e-16 2.22044605e-16
 9.85404747e-02 1.76524938e-01]",0.6509198346362832,0.7661879453584419,,,130,121,79200,75600
DTLZ2,6,1,100,"[2.19035541e-17 1.20803109e-17 0.00000000e+00 5.67112493e-01
 8.50668739e-01 0.00000000e+00]",0.07342716213976018,0.05854127496473755,,,129,125,61464,75600
DTLZ2,6,2,100,"[7.78177433e-34 0.00000000e+00 0.00000000e+00 3.03219993e-01
 3.03219993e-01 9.09659980e-01]",0.08578270839107568,0.06451452334195186,,,128,124,69060,75600
DTLZ2,6,3,100,"[3.32037554e-35 0.00000000e+00 0.00000000e+00 3.43644738e-01
 6.87289476e-01 6.87289476e-01]",0.08012133092151195,0.0764281150946265,,,131,126,68136,75600
DTLZ2,6,4,100,"[3.32037554e-35 0.00000000e+00 0.00000000e+00 2.43967019e-01
 9.75868078e-01 0.00000000e+00]",0.14112169584069287,0.14982439227738875,,,122,126,70836,75600
DTLZ2,6,5,100,"[2.22044605e-16 2.22044605e-16 2.22044605e-16 2.98002853e-01
 6.31935164e-01 6.31935164e-01]",0.07562428259161152,0.07013803667705878,,,130,121,53136,75600
DTLZ2,6,6,100,"[2.22044605e-16 2.22044605e-16 2.22044605e-16 3.01019905e-01
 6.34847616e-01 6.34847616e-01]",0.07199170419089634,0.060889471495985996,,,128,120,79200,75600
DTLZ2,6,7,100,"[2.22044605e-16 2.22044605e-16 2.22044605e-16 3.00382218e-01
 6.33881134e-01 6.33881134e-01]",0.07790830907895338,0.06035964171272001,,,131,118,79200,75600
DTLZ3,6,1,100,"[2.44352473e-33 0.00000000e+00 0.00000000e+00 1.75182823e+01
 1.16788548e+01 0.00000000e+00]",0.07081991696435863,0.09123781671429117,,,94,112,59004,75600
DTLZ3,6,2,100,"[9.69283850e-34 0.00000000e+00 0.00000000e+00 1.32273369e+00
 1.32273369e+00 3.96820108e+00]",0.09932499206660647,0.1200856514931461,,,47,60,54060,75600
DTLZ3,6,3,100,"[9.07203493e-39 0.00000000e+00 0.00000000e+00 1.23666090e+01
 0.00000000e+00 8.24440600e+00]",0.06822012271591232,0.08856579144847125,,,95,75,58560,75600
DTLZ3,6,4,100,"[9.07203493e-39 0.00000000e+00 0.00000000e+00 0.00000000e+00
 5.54811008e+01 3.69874006e+01]",0.08783689687661532,0.040570471351758765,,,101,84,36276,75600
DTLZ3,6,5,100,"[2.22044605e-16 2.22044605e-16 2.22044605e-16 7.65905377e-01
 2.22044605e-16 4.80013305e-01]",0.08209902759683912,0.049776102066018416,,,116,43,50196,75600
DTLZ3,6,6,100,"[2.22044605e-16 2.22044605e-16 2.22044605e-16 8.29822255e-01
 2.22044605e-16 5.46685207e-01]",0.07010702127781174,0.047206511874830395,,,131,12,77712,75600
DTLZ3,6,7,100,"[2.22044605e-16 2.22044605e-16 2.22044605e-16 8.17865471e-01
 2.22044605e-16 5.36915581e-01]",0.07283088282121272,0.066573858694371,,,131,11,79200,75600
DTLZ4,6,1,100,"[3.49368165e-033 2.48717367e-001 2.12583598e-131 3.94008973e-182
 9.94869470e-001 0.00000000e+000]",0.13885987038992828,0.14408326883420092,,,126,127,74652,75600
DTLZ4,6,2,100,"[3.12589398e-001 2.68526168e-257 0.00000000e+000 3.12589398e-001
 9.37768194e-001 0.00000000e+000]",0.08978419333690155,0.07564489251222818,,,129,127,73356,75600
DTLZ4,6,3,100,[0.34180654 0.68361308 0.         0.         0.68361308 0.        ],0.08658685927224416,0.07774748780567863,,,127,127,72516,75600
DTLZ4,6,4,100,"[3.49368165e-33 6.69901613e-01 0.00000000e+00 3.34950807e-01
 6.69901613e-01 0.00000000e+00]",0.08393051910382646,0.08066413003714165,,,129,126,73152,75600
DTLZ4,6,5,100,"[2.88768253e-01 6.22380475e-01 2.22044605e-16 2.22044605e-16
 6.22380475e-01 2.22044605e-16]",0.05743626980090305,0.06782710729407004,,,129,126,74940,75600
DTLZ4,6,6,100,"[2.93303881e-01 6.26907124e-01 2.22044605e-16 2.22044605e-16
 6.26907124e-01 2.22044605e-16]",0.059478402294948565,0.05731971537922002,,,129,127,79200,75600
DTLZ4,6,7,100,"[2.94687039e-01 6.28114898e-01 2.22044605e-16 2.22044605e-16
 6.28114898e-01 2.22044605e-16]",0.060258461323020575,0.0596002103290065,,,131,124,79200,75600
DTLZ1,7,1,100,"[ 0.          0.          0.          0.          0.          0.
 66.35235809]",0.5796775624129945,0.5746308806501067,,,74,85,25480,58800
DTLZ1,7,2,100,"[0.         0.         0.         0.         2.60099388 0.86699796
 0.86699796]",0.8804700663256037,1.0017154622607338,,,89,77,46130,58800
DTLZ1,7,3,100,"[0.         0.         0.         1.35270767 1.35270767 0.
 4.05812301]",0.7677172633613932,0.8087984085377304,,,77,84,37268,58800
DTLZ1,7,4,100,"[0.         0.         0.         0.17343873 0.17343873 0.34687746
 0.17343873]",0.8997762186615588,1.175565053554304,,,87,79,48930,58800
DTLZ1,7,5,100,"[2.22044605e-16 2.22044605e-16 2.22044605e-16 2.22044605e-16
 5.65320721e-01 7.50507992e-02 7.50507992e-02]",0.7897227578329935,0.789690873679891,,,73,73,48076,58800
DTLZ1,7,6,100,"[2.22044605e-16 2.22044605e-16 2.22044605e-16 2.22044605e-16
 2.58552743e-01 5.77097096e-02 5.77097096e-02]",0.9217927542492312,0.9378783339974476,,,90,15,62482,58800
DTLZ1,7,7,100,"[2.22044605e-16 2.22044605e-16 2.22044605e-16 2.22044605e-16
 2.09973848e-01 3.71262506e-02 3.71262506e-02]",0.8521440820996555,0.8834344752687607,,,90,11,63560,58800
DTLZ2,7,1,100,"[1.99498507e-17 5.47492696e-18 0.00000000e+00 0.00000000e+00
 0.00000000e+00 9.75349072e-01 3.13422005e-01]",0.04383008038831755,0.018446254846979853,,,87,85,59472,58800
DTLZ2,7,2,100,"[3.50055740e-35 0.00000000e+00 0.00000000e+00 0.00000000e+00
 8.55968575e-01 0.00000000e+00 5.70645717e-01]",0.046464452508379384,0.04229615696576043,,,63,85,29302,58800
DTLZ2,7,3,100,"[1.05395068e-39 0.00000000e+00 0.00000000e+00 0.00000000e+00
 9.16562208e-01 3.05520736e-01 3.05520736e-01]",0.12158314421958116,0.08559796706891912,,,80,84,47964,58800
DTLZ2,7,4,100,"[1.05395068e-39 0.00000000e+00 0.00000000e+00 9.31117237e-01
 0.00000000e+00 3.10372412e-01 3.10372412e-01]",0.30289452352275936,0.13961021235836116,,,6,84,6118,58800
DTLZ2,7,5,100,"[2.22044605e-16 2.22044605e-16 2.22044605e-16 2.22044605e-16
 8.59211268e-01 2.55667284e-01 2.55667284e-01]",0.16046137002084937,1.2775939219106223,,,7,63,5600,58800
DTLZ2,7,6,100,"[2.22044605e-16 2.22044605e-16 2.22044605e-16 2.22044605e-16
 8.59211268e-01 2.55667284e-01 2.55667284e-01]",0.058655674674405994,1.2143241529276227,,,57,82,18130,58800
DTLZ2,7,7,100,"[2.22044605e-16 2.22044605e-16 2.22044605e-16 2.22044605e-16
 8.58409957e-01 2.55323690e-01 2.55323690e-01]",0.10842831926834151,0.10571617890060747,,,76,54,50750,58800
DTLZ3,7,1,100,"[1.36563787e-18 0.00000000e+00 0.00000000e+00 0.00000000e+00
 2.40503787e+02 1.60335858e+02 0.00000000e+00]",0.31711458391813185,0.07434748907612955,,,38,80,24724,58800
DTLZ3,7,2,100,"[3.46357315e-34 0.00000000e+00 0.00000000e+00 0.00000000e+00
 3.57062297e+00 3.57062297e+00 1.07118689e+01]",0.11253437476305385,0.30289452352318147,,,47,30,51226,58800
DTLZ3,7,3,100,"[3.46357315e-34 0.00000000e+00 0.00000000e+00 0.00000000e+00
 9.08287899e+00 9.08287899e+00 4.54143949e+00]",0.15621914385917687,0.2163102932736317,,,86,29,50274,58800
DTLZ3,7,4,100,"[3.46357315e-34 0.00000000e+00 0.00000000e+00 3.52327141e+01
 3.52327141e+01 1.05698142e+02 0.00000000e+00]",0.146954874778904,0.3028945235231818,,,84,35,57428,58800
DTLZ3,7,5,100,"[2.22044605e-16 2.22044605e-16 2.22044605e-16 2.22044605e-16
 2.48307042e+00 2.48307042e+00 1.11359351e+00]",0.13670134540655,0.12279788733051196,,,52,52,48258,58800
DTLZ3,7,6,100,"[2.22044605e-16 2.22044605e-16 2.22044605e-16 2.22044605e-16
 5.66847593e-01 5.66847593e-01 2.29648504e-01]",0.1335207154736872,0.5962734127896824,,,90,12,63630,58800
DTLZ3,7,7,100,"[2.22044605e-16 2.22044605e-16 2.22044605e-16 2.22044605e-16
 6.54835911e-01 6.54835911e-01 3.18674357e-01]",0.15414050843979452,0.6169959531795705,,,90,13,64400,58800
DTLZ4,7,1,100,"[4.19097842e-017 2.63188089e-017 3.76182262e-237 1.11725798e-052
 1.04349420e+000 2.60873549e-001 4.94220963e-197]",2.0204768809976916,0.18072592872364315,,,4,85,4438,58800
DTLZ4,7,2,100,"[2.26379828e-49 3.01875114e-53 0.00000000e+00 1.08973544e-59
 8.40373984e-01 5.60249323e-01 0.00000000e+00]",1.1754834764268178,0.04378657236728585,,,4,85,4200,58800
DTLZ4,7,3,100,"[2.26379828e-49 3.01875114e-53 0.00000000e+00 1.08973544e-59
 6.73385929e-01 6.73385929e-01 3.36692964e-01]",0.8968535275219642,0.14114055034867376,,,4,85,4200,58800
DTLZ4,7,4,100,"[3.65021195e-50 3.01875114e-53 0.00000000e+00 3.38420340e-01
 6.76840681e-01 6.76840681e-01 0.00000000e+00]",0.8968535275219642,0.10048734528589152,,,4,85,4200,58800
DTLZ4,7,5,100,"[2.22044605e-16 2.22044605e-16 2.22044605e-16 2.22044605e-16
 6.14005482e-01 6.14005482e-01 2.78853582e-01]",0.6662536241829756,0.08469649309562803,,,23,82,12180,58800
DTLZ4,7,6,100,"[2.22044605e-16 2.22044605e-16 2.22044605e-16 2.22044605e-16
 6.23970636e-01 6.23970636e-01 2.88818736e-01]",0.6413643793585562,0.11058447659609681,,,29,83,18550,58800
DTLZ4,7,7,100,"[2.22044605e-16 2.22044605e-16 2.22044605e-16 2.22044605e-16
 6.46744980e-01 6.46744980e-01 3.11652171e-01]",0.6081672279124257,0.09861007380944199,,,30,85,21560,58800
DTLZ1,8,1,100,"[ 0.          0.          0.          0.          0.          0.
  0.         44.76297108]",0.5708598552553921,0.5761110832266546,,,122,23,75216,96000
DTLZ1,8,2,100,"[ 0.          0.          0.          0.          0.          0.
 13.14071906  0.        ]",0.571411096703185,0.5746739072740097,,,119,55,70192,96000
DTLZ1,8,3,100,"[ 0.         0.         0.         0.         0.        26.1856759
  0.         0.       ]",0.5900229280213236,0.5706393041420776,,,124,99,72512,96000
DTLZ1,8,4,100,"[0.         0.         0.         0.         5.4307714  0.
 3.62051427 0.        ]",0.7850588317953024,0.9656354086910552,,,127,93,79440,96000
DTLZ1,8,5,100,"[2.22044605e-16 2.22044605e-16 2.22044605e-16 2.22044605e-16
 2.22044605e-16 3.76291504e-01 2.22044605e-16 2.22044605e-16]",0.5781648895016994,0.5707426489423392,,,125,110,77104,96000
DTLZ1,8,6,100,"[2.22044605e-16 2.22044605e-16 2.22044605e-16 2.22044605e-16
 2.22044605e-16 3.81416170e-01 2.22044605e-16 2.22044605e-16]",0.5712138867622104,0.5722581566716413,,,126,8,101648,96000
DTLZ1,8,7,100,"[2.22044605e-16 2.22044605e-16 2.22044605e-16 2.22044605e-16
 2.22044605e-16 3.60776517e-01 2.22044605e-16 2.22044605e-16]",0.5727926899406612,0.5752408932806226,,,125,9,102400,96000
DTLZ2,8,1,100,"[1.35061914e-17 0.00000000e+00 3.08506313e-17 0.00000000e+00
 2.14011486e-17 8.47661337e-19 1.03771990e+00 0.00000000e+00]",0.028634861704931472,0.029882394844811033,,,122,111,73424,96000
DTLZ2,8,2,100,"[6.39642986e-36 0.00000000e+00 0.00000000e+00 0.00000000e+00
 9.37173976e-01 0.00000000e+00 3.12391325e-01 3.12391325e-01]",0.10049629904069651,0.05072203993337931,,,116,121,67456,96000
DTLZ2,8,3,100,"[6.39642986e-36 0.00000000e+00 0.00000000e+00 2.43818712e-01
 9.75274850e-01 0.00000000e+00 0.00000000e+00 0.00000000e+00]",0.14703037721477338,0.14372755683656707,,,120,119,89168,96000
DTLZ2,8,4,100,"[6.39642986e-36 0.00000000e+00 0.00000000e+00 9.26434807e-01
 3.08811602e-01 0.00000000e+00 0.00000000e+00 3.08811602e-01]",0.12975969432052956,0.1019206140489661,,,119,120,68960,96000
DTLZ2,8,5,100,"[2.22044605e-16 2.22044605e-16 2.22044605e-16 2.22044605e-16
 8.71435272e-01 2.22044605e-16 2.67568737e-01 2.67568737e-01]",0.1228613545070591,0.05059938992899414,,,87,119,35680,96000
DTLZ2,8,6,100,"[2.22044605e-16 2.22044605e-16 2.22044605e-16 2.22044605e-16
 8.70656111e-01 2.22044605e-16 2.67253222e-01 2.67253222e-01]",0.12353993573051901,0.08823695673483048,,,107,116,76544,96000
DTLZ2,8,7,100,"[2.22044605e-16 2.22044605e-16 2.22044605e-16 2.22044605e-16
 8.70639465e-01 2.22044605e-16 2.67246372e-01 2.67246372e-01]",0.12477884278516742,0.09338447922247325,,,111,114,90848,96000
DTLZ3,8,1,100,"[3.16372920e-20 0.00000000e+00 0.00000000e+00 0.00000000e+00
 0.00000000e+00 0.00000000e+00 5.40602513e+01 2.16241005e+02]",0.18376122135965853,0.18548104509206054,,,63,110,61616,96000
DTLZ3,8,2,100,"[3.16372920e-20 0.00000000e+00 0.00000000e+00 0.00000000e+00
 0.00000000e+00 7.74011619e-01 3.09604647e+00 0.00000000e+00]",0.16075618515147072,0.1603620505588139,,,113,81,82576,96000
DTLZ3,8,3,100,"[9.36581602e-34 0.00000000e+00 0.00000000e+00 0.00000000e+00
 0.00000000e+00 1.08725647e+00 2.71814117e-01 0.00000000e+00]",0.09757798101461301,0.11903745263288083,,,121,48,84640,96000
DTLZ3,8,4,100,"[4.78678556e-34 0.00000000e+00 0.00000000e+00 0.00000000e+00
 0.00000000e+00 9.36743880e+01 0.00000000e+00 2.34185970e+01]",0.15074730833270752,0.11565448023276305,,,125,34,87456,96000
DTLZ3,8,5,100,"[2.22044605e-16 2.22044605e-16 2.22044605e-16 2.22044605e-16
 2.22044605e-16 9.53284519e-01 2.05760555e-01 2.22044605e-16]",0.11184073178653696,0.08999407629057418,,,127,18,92768,96000
DTLZ3,8,6,100,"[2.22044605e-16 2.22044605e-16 2.22044605e-16 2.22044605e-16
 2.22044605e-16 9.62568632e-01 2.22124322e-01 2.22044605e-16]",0.12933114440451235,0.10761023002210149,,,127,15,102400,96000
DTLZ3,8,7,100,"[2.22044605e-16 2.22044605e-16 2.22044605e-16 2.22044605e-16
 2.22044605e-16 9.61582123e-01 2.21839905e-01 2.22044605e-16]",0.12752568730242597,0.09880468976268061,,,127,13,102400,96000
DTLZ4,8,1,100,"[8.02808952e-036 3.15812685e-128 4.49847914e-046 4.31395076e-081
 2.61305655e-001 2.82055045e-028 2.48809027e-060 1.04522262e+000]",2.1578565171030513,0.1304378328770738,,,6,121,7072,96000
DTLZ4,8,2,100,"[8.02808952e-036 3.15812685e-128 2.05357582e-061 2.31412755e-088
 2.22810814e-047 2.63553005e-040 1.63589522e-113 1.00839222e+000]",2.7751897674905885,0.027615043335202226,,,6,121,6400,96000
DTLZ4,8,3,100,"[1.75228862e-050 3.15812685e-128 2.05357582e-061 1.37579095e-121
 5.60589329e-001 1.71507999e-045 3.22124489e-139 8.40883994e-001]",1.2570017178167765,0.041648102233927536,,,6,121,6400,96000
DTLZ4,8,4,100,"[1.75228862e-050 3.15812685e-128 2.05357582e-061 0.00000000e+000
 6.80164533e-001 1.71507999e-045 3.40082266e-001 6.80164533e-001]",0.7215558709414147,0.12557575553869663,,,8,120,6512,96000
DTLZ4,8,5,100,"[2.22044605e-16 2.22044605e-16 2.22044605e-16 2.22044605e-16
 5.30334779e-01 2.22044605e-16 2.22044605e-16 8.08048549e-01]",1.2734646027811571,0.04985651450699408,,,6,120,6416,96000
DTLZ4,8,6,100,"[2.22044605e-16 2.22044605e-16 2.22044605e-16 2.22044605e-16
 5.30334779e-01 2.22044605e-16 2.22044605e-16 8.08048549e-01]",1.2734646027811571,0.050897363284651546,,,6,119,6400,96000
DTLZ4,8,7,100,"[2.22044605e-16 2.22044605e-16 2.22044605e-16 2.22044605e-16
 5.30334779e-01 2.22044605e-16 2.22044605e-16 8.08048549e-01]",1.2734646027811571,0.04625601944037218,,,6,121,6400,96000
DTLZ1,9,1,100,"[ 0.          0.          0.          0.          0.          0.
  0.          0.         92.36865905]",0.6081990141993081,0.5740115060277542,,,136,159,80028,149400
DTLZ1,9,2,100,"[ 0.          0.          0.          0.          0.          0.
  0.         10.18974181  0.        ]",0.5971187982852916,0.5772003544812933,,,99,131,114336,149400
DTLZ1,9,3,100,"[0.         0.         0.         0.         0.         0.2962459
 0.         0.2962459  0.88873771]",0.717241860885356,0.6826954252533236,,,163,161,104274,149400
DTLZ1,9,4,100,"[0.         0.         0.         0.         0.         0.
 0.79377354 0.         1.19066031]",0.7159747754625929,0.6705267477506702,,,173,158,121086,149400
DTLZ1,9,5,100,"[2.22044605e-16 2.22044605e-16 2.22044605e-16 2.22044605e-16
 2.22044605e-16 1.71570731e-02 2.22044605e-16 1.71570731e-02
 1.68261722e-01]",0.6138809975922109,0.5944489995168049,,,173,150,124344,149400
DTLZ1,9,6,100,"[2.22044605e-16 2.22044605e-16 2.22044605e-16 2.22044605e-16
 2.22044605e-16 1.71570731e-02 2.22044605e-16 1.71570731e-02
 1.68261722e-01]",0.5944489995168049,0.5944489995168049,,,173,165,156600,149400
DTLZ1,9,7,100,"[2.22044605e-16 2.22044605e-16 2.22044605e-16 2.22044605e-16
 2.22044605e-16 1.71570731e-02 2.22044605e-16 1.71570731e-02
 1.68261722e-01]",0.600859823081774,0.5944489995168049,,,173,165,156600,149400
DTLZ2,9,1,100,"[8.77934577e-18 3.20700357e-19 7.49548768e-18 1.32363086e-17
 2.53333634e-17 2.03194709e-17 1.12228725e+00 1.56055383e-17
 0.00000000e+00]",0.026983252867735865,0.03804253248300744,,,161,166,122706,149400
DTLZ2,9,2,100,"[4.83059593e-35 0.00000000e+00 0.00000000e+00 0.00000000e+00
 0.00000000e+00 0.00000000e+00 2.44875199e-01 0.00000000e+00
 9.79500797e-01]",0.15094753702677072,0.1467495800080441,,,136,160,95490,149400
DTLZ2,9,3,100,"[4.83059593e-35 0.00000000e+00 0.00000000e+00 0.00000000e+00
 3.98663380e-01 3.98663380e-01 7.97326760e-01 0.00000000e+00
 3.98663380e-01]",0.4257592979979735,0.39836819912115606,,,170,165,100638,149400
DTLZ2,9,4,100,"[1.81969064e-49 0.00000000e+00 0.00000000e+00 0.00000000e+00
 2.47180924e-01 9.88723697e-01 0.00000000e+00 0.00000000e+00
 0.00000000e+00]",0.14368728512909307,0.15721543314976905,,,170,166,127494,149400
DTLZ2,9,5,100,"[2.22044605e-16 2.22044605e-16 2.22044605e-16 2.22044605e-16
 3.10191840e-01 3.10191840e-01 6.89033773e-01 2.22044605e-16
 3.10191840e-01]",0.7924510481270477,0.37366028071245394,,,8,163,10458,149400
DTLZ2,9,6,100,"[2.22044605e-16 2.22044605e-16 2.22044605e-16 2.22044605e-16
 3.37486977e-01 3.37486977e-01 7.16328910e-01 2.22044605e-16
 3.37486977e-01]",0.8378229230760369,0.34013239972183273,,,8,163,9000,149400
DTLZ2,9,7,100,"[2.22044605e-16 2.22044605e-16 2.22044605e-16 2.22044605e-16
 3.37486977e-01 3.37486977e-01 7.16328910e-01 2.22044605e-16
 3.37486977e-01]",0.8378229230760369,0.32269960386292584,,,8,162,9000,149400
DTLZ3,9,1,100,"[1.24848604e-30 0.00000000e+00 0.00000000e+00 0.00000000e+00
 0.00000000e+00 0.00000000e+00 0.00000000e+00 0.00000000e+00
 1.20846807e+02]",0.06402530262986891,0.10333562983485103,,,116,136,90018,149400
DTLZ3,9,2,100,"[7.21053358e-47 0.00000000e+00 0.00000000e+00 0.00000000e+00
 0.00000000e+00 0.00000000e+00 4.05751637e+00 0.00000000e+00
 1.01437909e+00]",0.14859414409801994,0.16506148633225481,,,152,34,108000,149400
DTLZ3,9,3,100,"[7.21053358e-47 0.00000000e+00 0.00000000e+00 0.00000000e+00
 0.00000000e+00 0.00000000e+00 5.69636005e-01 8.54454008e-01
 0.00000000e+00]",0.05977217358178354,0.5021376468457629,,,168,107,117234,149400
DTLZ3,9,4,100,"[7.21053358e-47 0.00000000e+00 0.00000000e+00 0.00000000e+00
 3.39509430e-01 0.00000000e+00 6.79018861e-01 6.79018861e-01
 0.00000000e+00]",0.1796133950487022,1.0131971535939157,,,173,27,137898,149400
DTLZ3,9,5,100,"[2.22044605e-16 2.22044605e-16 2.22044605e-16 2.22044605e-16
 2.22044605e-16 2.22044605e-16 5.23102424e-01 8.02238797e-01
 2.22044605e-16]",0.05241940185651516,0.48516811089603856,,,173,23,134928,149400
DTLZ3,9,6,100,"[2.22044605e-16 2.22044605e-16 2.22044605e-16 2.22044605e-16
 2.22044605e-16 2.22044605e-16 5.23502137e-01 8.01498829e-01
 2.22044605e-16]",0.05369989158004471,0.48643739409900316,,,173,21,156600,149400
DTLZ3,9,7,100,"[2.22044605e-16 2.22044605e-16 2.22044605e-16 2.22044605e-16
 2.22044605e-16 2.22044605e-16 5.23126438e-01 8.00976806e-01
 2.22044605e-16]",0.053786859605061056,0.4863873549322108,,,173,18,156600,149400
DTLZ4,9,1,100,"[2.97655461e-018 1.06247402e-115 0.00000000e+000 4.70738085e-001
 4.70738085e-001 4.70738085e-001 0.00000000e+000 4.70738085e-001
 4.70738085e-001]",0.3860764155159227,0.40576409704647964,,,173,166,148392,149400
DTLZ4,9,2,100,"[1.04466241e-035 2.25294762e-155 0.00000000e+000 4.08534013e-094
 1.09692216e+000 0.00000000e+000 0.00000000e+000 2.74230540e-001
 0.00000000e+000]",0.15025682604407142,0.16054562643888437,,,171,166,145584,149400
DTLZ4,9,3,100,"[5.91826101e-36 0.00000000e+00 0.00000000e+00 4.75049402e-01
 4.75049402e-01 4.75049402e-01 4.75049402e-01 0.00000000e+00
 4.75049402e-01]",0.37923429624194843,0.4358848819757892,,,173,166,118278,149400
DTLZ4,9,4,100,"[5.91826101e-36 0.00000000e+00 0.00000000e+00 4.02209284e-01
 4.02209284e-01 8.04418568e-01 4.02209284e-01 0.00000000e+00
 0.00000000e+00]",0.35912781419053597,0.36036748521171136,,,172,164,147942,149400
DTLZ4,9,5,100,"[2.22044605e-16 2.22044605e-16 2.22044605e-16 3.85852077e-01
 3.85852077e-01 3.85852077e-01 3.85852077e-01 2.22044605e-16
 3.85852077e-01]",0.45772315037218403,0.4509928870269698,,,173,165,146610,149400
DTLZ4,9,6,100,"[2.22044605e-16 2.22044605e-16 2.22044605e-16 3.85462109e-01
 3.85462109e-01 3.85462109e-01 3.85462109e-01 2.22044605e-16
 3.85462109e-01]",0.5000911102857708,0.40165660436362716,,,173,164,156600,149400
DTLZ4,9,7,100,"[2.22044605e-16 2.22044605e-16 2.22044605e-16 3.85159360e-01
 3.85159360e-01 3.85159360e-01 3.85159360e-01 2.22044605e-16
 3.85159360e-01]",0.42991690880977285,0.40313257364523963,,,172,165,156600,149400
DTLZ1,3,1,100,[1.17180849 0.         4.68723397],0.5695438115474667,0.5571651162970976,8.301218531685647,8.702496667342992,0,82,22110,31800
DTLZ1,3,2,100,[0.         1.92011278 0.4800282 ],0.6813530971628318,0.6823445905081669,8.336144950222762,8.305058611187137,0,105,23244,31800
DTLZ1,3,3,100,[0.         0.         1.01310072],0.5519106026344,0.5524695202592896,8.08153395680434,8.037460110836012,2,86,16200,31800
DTLZ1,3,4,100,[0.19996311 0.79985245 0.        ],0.5660609775955064,0.5667434132475945,8.329092538270139,8.31521377597887,0,105,26472,31800
DTLZ1,3,5,100,[2.22044605e-16 6.82909824e-01 1.27403270e-01],0.6589511984415853,0.6578297573489063,8.235044388807509,8.245930416114394,12,106,28398,31800
DTLZ1,3,6,100,[2.22044605e-16 3.21792649e-01 5.50320919e-02],0.6626829386923153,0.661295956788404,8.20256265332842,8.216329881525162,57,105,32322,31800
DTLZ1,3,7,100,[2.22044605e-16 3.13238186e-01 5.05065901e-02],0.6297130054967727,0.6295181856795978,8.123116948529866,8.127137042325614,77,104,32388,31800
DTLZ2,3,1,100,[4.53356771e-17 1.00542309e+00 0.00000000e+00],0.00878175806830759,0.006980711789857656,8.080120048502678,8.059893465933929,24,106,27600,31800
DTLZ2,3,2,100,[0.84312106 0.56208071 0.        ],0.03909168637197979,0.009945244862219892,8.171385185031456,8.779808073992314,20,106,2232,31800
DTLZ2,3,3,100,[0.97202671 0.24300668 0.        ],0.06534591670377407,0.06889590225960664,8.30370377122362,8.304893660799532,55,103,27648,31800
DTLZ2,3,4,100,[1.00031741 0.         0.        ],0.008770737636141702,0.007398193149812814,8.080324388210895,8.059598387663007,33,106,29784,31800
DTLZ2,3,5,100,[0.65488305 0.32139495 0.65488305],0.0443493320605948,0.04517901173375072,8.665232329580476,8.780577562599682,61,106,16950,31800
DTLZ2,3,6,100,[0.66417349 0.33079714 0.66417349],0.049670574414560055,0.05029195668099882,8.704791388107573,8.77439400444308,88,106,32400,31800
DTLZ2,3,7,100,[0.6641314  0.33077574 0.6641314 ],0.05034074548988514,0.04952470809982305,8.702082241939456,8.772715867470444,85,104,32400,31800
DTLZ3,3,1,100,[2.66911633 1.77941089 0.        ],0.006516895106017471,0.010611050372059323,8.820223727308601,8.840401486429938,0,105,25830,31800
DTLZ3,3,2,100,[0.56432111 0.84648166 0.        ],0.003671682883751613,0.012788362654465485,8.815211383513589,8.834646816216415,0,105,25944,31800
DTLZ3,3,3,100,[2.41580584e-32 1.01264778e+00 0.00000000e+00],0.007779916570242955,0.005715352357757471,8.065966594744657,8.061589232527613,0,106,27498,31800
DTLZ3,3,4,100,[1.00358894 0.         0.        ],0.00899606942383304,0.007100360602196515,8.077951194981464,8.061243151149613,1,106,26112,31800
DTLZ3,3,5,100,[5.53598778e-01 8.31945750e-01 2.22044605e-16],0.28706164891366637,0.01037389576708155,6.15390504141384,8.633000975917636,1,106,1512,31800
DTLZ3,3,6,100,[5.52638049e-01 8.30791070e-01 2.22044605e-16],1.7274539697722806,0.010912616143648962,1.0000000000000007,8.638755438692526,1,105,1200,31800
DTLZ3,3,7,100,[5.52638049e-01 8.30791070e-01 2.22044605e-16],1.7274539697722806,0.010917771133931196,1.0000000000000007,8.635623053646077,0,104,1200,31800
DTLZ4,3,1,100,[5.21291939e-17 1.00109966e+00 0.00000000e+00],0.023106163960857268,0.006166741337754331,7.9481066864498855,8.05896155113591,12,105,25650,31800
DTLZ4,3,2,100,[1.00130053 0.         0.        ],0.023298499517648487,0.006809328080045848,7.9459340236160205,8.061148893575528,22,106,27462,31800
DTLZ4,3,3,100,[7.48891356e-20 0.00000000e+00 1.00008208e+00],0.008659266931560643,0.007045107162483014,8.079973649151855,8.060556188864735,40,106,28014,31800
DTLZ4,3,4,100,[0.90527922 0.30175974 0.30175974],0.030733164878678575,0.027679248926374182,8.775314076499981,8.683268190386572,81,105,26832,31800
DTLZ4,3,5,100,[9.69465564e-01 2.41785743e-01 2.22044605e-16],0.06465711578208111,0.05748723909523441,8.215895770264424,8.299540715803992,54,103,29598,31800
DTLZ4,3,6,100,[9.69352788e-01 2.41714829e-01 2.22044605e-16],0.06497532812987054,0.07305617562312186,8.215369227449349,8.214236723242351,64,99,32400,31800
DTLZ4,3,7,100,[9.69324950e-01 2.41697320e-01 2.22044605e-16],0.06479938910992854,0.07875938845945021,8.216024549826725,8.17410588791315,71,100,32400,31800
DTLZ1,4,1,100,[0.         3.68524193 2.45682796 0.        ],0.7743521693609433,0.7668905834281297,,,0,120,26456,48000
DTLZ1,4,2,100,[0.         0.         0.         0.59232482],0.5651057278816107,0.5587259952548721,,,0,120,5976,48000
DTLZ1,4,3,100,[0.         0.         0.45597134 0.11399284],0.7044907933598429,0.701459947115509,,,0,121,18240,48000
DTLZ1,4,4,100,[0.         0.41850317 0.         0.10462579],0.7014086114867475,0.700887848624258,,,0,120,29456,48000
DTLZ1,4,5,100,[2.22044605e-16 2.22044605e-16 2.94269854e-01 3.93619645e-02],0.6488849715986068,0.6493144602609929,,,0,120,40256,48000
DTLZ1,4,6,100,[2.22044605e-16 2.22044605e-16 2.98100616e-01 4.31927265e-02],0.6479957776240355,0.6474716144229381,,,6,121,49584,48000
DTLZ1,4,7,100,[2.22044605e-16 2.22044605e-16 2.98737104e-01 4.38292144e-02],0.6486042247845104,0.6472399699824981,,,40,120,49600,48000
DTLZ2,4,1,100,[5.29808468e-17 1.22956889e-17 0.00000000e+00 1.00545732e+00],0.01232319902567324,0.003692943867304499,,,45,120,24368,48000
DTLZ2,4,2,100,[6.19453206e-34 9.88565338e-01 0.00000000e+00 2.47141335e-01],0.08577604569138042,0.0925958287828413,,,80,120,36504,48000
DTLZ2,4,3,100,[0.67238308 0.67238308 0.33619154 0.        ],0.036805204163925444,0.03649935039504269,,,113,120,32720,48000
DTLZ2,4,4,100,[0.67015682 0.67015682 0.         0.33507841],0.03649936799769366,0.03665903967665971,,,120,119,42128,48000
DTLZ2,4,5,100,[6.51587013e-01 6.51587013e-01 3.17985148e-01 2.22044605e-16],0.031462970117327425,0.03188471622059896,,,112,119,41152,48000
DTLZ2,4,6,100,[6.51254887e-01 6.51254887e-01 3.17806495e-01 2.22044605e-16],0.03216549897586984,0.041729402167384154,,,108,116,49600,48000
DTLZ2,4,7,100,[6.51180107e-01 6.51180107e-01 3.17765434e-01 2.22044605e-16],0.032778989370785244,0.031681610362389666,,,105,117,49600,48000
DTLZ3,4,1,100,[3.19769817e-48 0.00000000e+00 7.16475785e+00 1.07471368e+01],0.11431245585264613,0.07573461488626879,,,0,119,5952,48000
DTLZ3,4,2,100,[3.19769817e-48 1.73945360e+00 3.47890719e+00 3.47890719e+00],0.024259120712353657,0.05969038916572658,,,1,120,32608,48000
DTLZ3,4,3,100,[3.19769817e-48 7.45600822e-01 0.00000000e+00 1.11840123e+00],0.019928272569268508,0.019859336264950372,,,0,120,40848,48000
DTLZ3,4,4,100,[3.19769817e-48 6.28571795e-01 9.42857693e-01 0.00000000e+00],0.03315236775682728,0.01937091475320584,,,5,120,38504,48000
DTLZ3,4,5,100,[2.22044605e-16 5.54127434e-01 2.22044605e-16 8.39020658e-01],0.029992918498705938,0.015911801686313485,,,5,121,29800,48000
DTLZ3,4,6,100,[2.22044605e-16 5.50994821e-01 2.22044605e-16 8.29119078e-01],0.031773796172589366,0.017956268417598065,,,23,120,49600,48000
DTLZ3,4,7,100,[2.22044605e-16 5.50628473e-01 2.22044605e-16 8.28661734e-01],0.030775652773758263,0.017333673853745946,,,51,119,49600,48000
DTLZ4,4,1,100,[4.89811581e-18 1.00912958e+00 0.00000000e+00 0.00000000e+00],0.05556596085149731,0.003931222857929356,,,12,121,43880,48000
DTLZ4,4,2,100,[1.00061803 0.         0.         0.        ],0.05556434546136702,0.003285955635098764,,,58,120,45312,48000
DTLZ4,4,3,100,[1.91193473e-18 0.00000000e+00 0.00000000e+00 1.00021657e+00],0.008312444241269928,0.0026253419347846943,,,65,120,40576,48000
DTLZ4,4,4,100,[4.67219818e-34 0.00000000e+00 1.00015676e+00 0.00000000e+00],0.00819094711105925,0.002731451244486455,,,71,121,43536,48000
DTLZ4,4,5,100,[0.26741166 0.64586894 0.26741166 0.26741166],0.05231222483530063,0.03965266265912841,,,115,121,37536,48000
DTLZ4,4,6,100,[0.35250669 0.73055129 0.35250669 0.35250669],0.3491153543120022,0.31966964959533756,,,119,120,48864,48000
DTLZ4,4,7,100,[0.35250669 0.73055129 0.35250669 0.35250669],0.3457251412122674,0.3709500698843052,,,110,120,49600,48000
DTLZ1,5,1,100,[ 0.          0.          0.         15.38323514 23.07485272],0.640560335880936,0.679448437733315,,,46,105,22320,63000
DTLZ1,5,2,100,[0.         0.         0.         0.         6.48339755],0.5633686187305104,0.5632710100706414,,,113,4,45110,63000
DTLZ1,5,3,100,[0.         0.         0.         4.40688288 0.        ],0.5659170862683923,0.5631110254897874,,,116,35,39630,63000
DTLZ1,5,4,100,[0.         0.         0.11870158 0.35610475 0.11870158],0.7651760582155432,0.7855111049596705,,,130,6,59730,63000
DTLZ1,5,5,100,"[5.75978887e-02 2.22044605e-16 2.22044605e-16 3.36606438e-01
 2.22044605e-16]",0.5855623688281909,0.5928278161472906,,,129,57,43650,63000
DTLZ1,5,6,100,"[2.48633495e-02 2.22044605e-16 2.22044605e-16 2.62252506e-01
 2.22044605e-16]",0.5679552036081376,0.6522444779579103,,,130,7,64850,63000
DTLZ1,5,7,100,"[2.55440236e-02 2.22044605e-16 2.22044605e-16 2.62933180e-01
 2.22044605e-16]",0.567923651794536,0.5755915354715946,,,130,92,66000,63000
DTLZ2,5,1,100,"[3.57670763e-17 0.00000000e+00 1.37462171e-18 1.00448753e+00
 3.85871527e-04]",0.03336268209360774,0.004586986560131178,,,108,120,39440,63000
DTLZ2,5,2,100,[0.67337008 0.33668504 0.67337008 0.         0.        ],0.03725336488419847,0.02534577591261922,,,126,126,54710,63000
DTLZ2,5,3,100,[0.38083689 0.76167378 0.38083689 0.         0.38083689],0.3206127170814768,0.32781264753325684,,,128,126,51930,63000
DTLZ2,5,4,100,[1.00173446 0.         0.         0.         0.        ],0.03685810505899929,0.007578585894962866,,,94,126,53260,63000
DTLZ2,5,5,100,"[3.70071564e-01 7.48502895e-01 3.70071564e-01 2.22044605e-16
 3.70071564e-01]",0.32107205995097116,0.3331894588690468,,,123,125,46230,63000
DTLZ2,5,6,100,"[3.72196651e-01 7.50280274e-01 3.72196651e-01 2.22044605e-16
 3.72196651e-01]",0.3159105492712065,0.3278425918358254,,,127,123,66000,63000
DTLZ2,5,7,100,"[3.72140145e-01 7.50182916e-01 3.72140145e-01 2.22044605e-16
 3.72140145e-01]",0.3135791805205416,0.3288310677118467,,,121,126,66000,63000
DTLZ3,5,1,100,"[1.26217478e-50 0.00000000e+00 0.00000000e+00 9.96618364e+00
 2.49154591e+00]",0.08529456447065517,0.06691379665322658,,,40,118,53270,63000
DTLZ3,5,2,100,"[1.26217478e-50 0.00000000e+00 0.00000000e+00 1.08004148e+00
 4.32016593e+00]",0.0802363512365113,0.12182249085601186,,,87,39,52100,63000
DTLZ3,5,3,100,"[1.26217478e-50 0.00000000e+00 1.06788306e+00 0.00000000e+00
 4.27153225e+00]",0.08046829061051661,0.0980216740575273,,,119,19,58460,63000
DTLZ3,5,4,100,"[1.26217478e-50 0.00000000e+00 1.54482188e+00 7.72410938e-01
 1.54482188e+00]",0.03804912602715575,0.05256030170597553,,,128,87,54440,63000
DTLZ3,5,5,100,"[2.22044605e-16 2.22044605e-16 2.31743103e-01 2.31743103e-01
 8.42871093e-01]",0.04986838734190759,0.032211895230720024,,,129,57,55390,63000
DTLZ3,5,6,100,"[2.22044605e-16 2.22044605e-16 2.59981345e-01 2.59981345e-01
 8.66053784e-01]",0.01756871057218501,0.048547995548041976,,,130,41,65920,63000
DTLZ3,5,7,100,"[2.22044605e-16 2.22044605e-16 2.67485367e-01 2.67485367e-01
 8.72656343e-01]",0.01777753023664957,0.03580475942685456,,,130,35,66000,63000
DTLZ4,5,1,100,"[3.79662464e-033 5.62937155e-219 5.99456763e-174 1.01259540e+000
 3.50224678e-174]",0.03596862287240044,0.005287545520474174,,,83,127,58710,63000
DTLZ4,5,2,100,"[2.23611341e-49 8.64678608e-01 0.00000000e+00 5.76452406e-01
 0.00000000e+00]",0.03220026214274756,0.027812237051141372,,,88,127,17190,63000
DTLZ4,5,3,100,"[2.23611341e-49 5.60589676e-01 0.00000000e+00 8.40884514e-01
 0.00000000e+00]",0.032216837515166054,0.027184481049118997,,,124,125,62780,63000
DTLZ4,5,4,100,"[2.23611341e-49 7.67880012e-01 3.83940006e-01 3.83940006e-01
 3.83940006e-01]",0.3249563592746409,0.3487466590512655,,,128,124,56260,63000
DTLZ4,5,5,100,"[2.22044605e-16 5.53227004e-01 2.22044605e-16 8.30706847e-01
 2.22044605e-16]",0.032687162403900794,0.026763383515045414,,,114,117,59820,63000
DTLZ4,5,6,100,"[2.22044605e-16 5.53227004e-01 2.22044605e-16 8.30706847e-01
 2.22044605e-16]",0.0327026945177786,0.027334704827197492,,,124,119,66000,63000
DTLZ4,5,7,100,"[2.22044605e-16 5.53632952e-01 2.22044605e-16 8.31089802e-01
 2.22044605e-16]",0.03257715626944438,0.025932332630079276,,,124,120,66000,63000
DTLZ1,6,1,100,[ 0.          0.          0.          0.          0.         35.82696784],0.5661732522322593,0.5668906927948453,,,6,126,57744,75600
DTLZ1,6,2,100,[0.         0.         0.         0.         6.43755232 0.        ],0.5707000021357873,0.5667673082697826,,,13,126,51792,75600
DTLZ1,6,3,100,[0.       0.       0.       0.       0.       2.112183],0.5736489676190042,0.5669761053434408,,,6,127,31272,75600
DTLZ1,6,4,100,[0.         0.         0.         0.45215392 0.45215392 1.35646175],0.6461095845690922,0.8005131717312975,,,45,121,68160,75600
DTLZ1,6,5,100,[0.         0.         0.         0.         0.         1.10428446],0.571049519997972,0.5726491566773492,,,128,126,59652,75600
DTLZ1,6,6,100,"[2.22044605e-16 2.22044605e-16 2.22044605e-16 2.22044605e-16
 2.22044605e-16 3.06369231e-01]",0.5667029561944223,0.5700397308791668,,,130,124,78792,75600
DTLZ1,6,7,100,"[2.22044605e-16 2.22044605e-16 2.22044605e-16 2.22044605e-16
 2.22044605e-16 3.06369231e-01]",0.566777238712073,0.5682195701249382,,,130,122,79200,75600
DTLZ2,6,1,100,"[2.12732790e-17 3.30031615e-17 1.29390359e-17 0.00000000e+00
 0.00000000e+00 1.00922438e+00]",0.02249781203276853,0.029949027098930114,,,98,124,61116,75600
DTLZ2,6,2,100,"[1.90359004e-36 0.00000000e+00 0.00000000e+00 0.00000000e+00
 9.74549069e-01 2.43637267e-01]",0.1749149105272672,0.14268795859996536,,,5,126,4356,75600
DTLZ2,6,3,100,"[1.41613979e-36 0.00000000e+00 9.11072331e-01 0.00000000e+00
 3.03690777e-01 3.03690777e-01]",0.287456677892685,0.0790273611684211,,,5,123,3600,75600
DTLZ2,6,4,100,"[1.41613979e-36 2.47938033e-01 0.00000000e+00 9.91752132e-01
 0.00000000e+00 0.00000000e+00]",0.13920109430800073,0.14614251601729533,,,118,124,33552,75600
DTLZ2,6,5,100,"[2.22044605e-16 2.22044605e-16 8.75592560e-01 2.22044605e-16
 2.71639851e-01 2.71639851e-01]",0.08481808154892038,0.03887197376209813,,,19,121,5280,75600
DTLZ2,6,6,100,"[2.22044605e-16 2.22044605e-16 8.95839989e-01 2.22044605e-16
 2.92772999e-01 2.92772999e-01]",0.07846178090224483,0.06846469785362079,,,124,124,66360,75600
DTLZ2,6,7,100,"[2.22044605e-16 2.22044605e-16 8.95839989e-01 2.22044605e-16
 2.92772999e-01 2.92772999e-01]",0.07873533920264268,0.06337498410921266,,,128,122,79188,75600
DTLZ3,6,1,100,"[1.22380462e-46 0.00000000e+00 0.00000000e+00 0.00000000e+00
 7.44718999e+01 1.86179750e+01]",0.15532468331642985,0.08857168241354803,,,52,121,32616,75600
DTLZ3,6,2,100,"[2.02498005e-49 0.00000000e+00 0.00000000e+00 0.00000000e+00
 1.92465631e+00 7.69862522e+00]",0.08438787351286023,0.08184235174214008,,,83,75,68820,75600
DTLZ3,6,3,100,"[2.02498005e-49 0.00000000e+00 0.00000000e+00 2.19938731e+00
 6.59816194e+00 2.19938731e+00]",0.088976873509443,0.1770113539815911,,,104,46,58548,75600
DTLZ3,6,4,100,"[2.02498005e-49 0.00000000e+00 0.00000000e+00 4.03169625e+00
 0.00000000e+00 1.61267850e+01]",0.1749149105272672,0.1749149105272672,,,5,95,4356,75600
DTLZ3,6,5,100,"[2.22044605e-16 2.22044605e-16 2.22044605e-16 2.64295535e-01
 9.01487857e-01 2.64295535e-01]",0.21335604058083155,0.140453637027098,,,5,110,3600,75600
DTLZ3,6,6,100,"[2.22044605e-16 2.22044605e-16 2.22044605e-16 2.64295535e-01
 9.01487857e-01 2.64295535e-01]",0.1200685861491363,0.17510033588652613,,,23,82,5124,75600
DTLZ3,6,7,100,"[2.22044605e-16 2.22044605e-16 2.22044605e-16 2.64295535e-01
 9.01487857e-01 2.64295535e-01]",0.052977497332001196,0.21335604058083155,,,129,119,56292,75600
DTLZ4,6,1,100,"[4.57611524e-018 1.75465960e-179 0.00000000e+000 0.00000000e+000
 2.10575630e-185 1.00851678e+000]",0.021964815717172452,0.02687533388589297,,,89,127,72948,75600
DTLZ4,6,2,100,"[1.99035713e-34 1.00287793e+00 0.00000000e+00 0.00000000e+00
 0.00000000e+00 0.00000000e+00]",0.13313913154025747,0.027508009918944566,,,107,127,61608,75600
DTLZ4,6,3,100,"[1.99035713e-34 9.22174365e-01 0.00000000e+00 3.07391455e-01
 3.07391455e-01 0.00000000e+00]",0.08423560746208338,0.07284113671131817,,,130,126,72828,75600
DTLZ4,6,4,100,"[1.99035713e-34 6.70515955e-01 0.00000000e+00 3.35257977e-01
 6.70515955e-01 0.00000000e+00]",0.0800470173628856,0.08573647710672165,,,131,125,73308,75600
DTLZ4,6,5,100,"[2.22044605e-16 8.83726646e-01 2.22044605e-16 2.80305397e-01
 2.80305397e-01 2.22044605e-16]",0.07263560859971674,0.06875612816848185,,,126,124,74868,75600
DTLZ4,6,6,100,"[2.22044605e-16 8.84669014e-01 2.22044605e-16 2.81343731e-01
 2.81343731e-01 2.22044605e-16]",0.0756935183267026,0.07298351926350073,,,127,119,79200,75600
DTLZ4,6,7,100,"[2.22044605e-16 8.95569520e-01 2.22044605e-16 2.92264404e-01
 2.92264404e-01 2.22044605e-16]",0.08366419374921419,0.0700934828541224,,,126,124,79200,75600
DTLZ1,7,1,100,"[ 0.          0.          0.          0.          0.          0.
 45.53552762]",0.5688188146892722,0.5735443744145591,,,84,41,43722,58800
DTLZ1,7,2,100,"[0.         0.         0.         0.         0.         5.40060504
 8.10090756]",0.7223054699391025,0.6417943444213217,,,84,84,45500,58800
DTLZ1,7,3,100,"[ 0.          0.          0.          0.          0.         14.06823273
  0.        ]",0.5691475217713658,0.5699740723767615,,,86,55,45612,58800
DTLZ1,7,4,100,"[0.         0.         0.         0.         0.         0.63498119
 2.53992474]",0.629999338149241,0.6316204781720278,,,87,72,42196,58800
DTLZ1,7,5,100,"[2.22044605e-16 2.22044605e-16 2.22044605e-16 2.22044605e-16
 2.22044605e-16 2.95357347e-01 5.41225994e-01]",0.6473352614632188,0.8013473966813305,,,90,85,60354,58800
DTLZ1,7,6,100,"[2.22044605e-16 2.22044605e-16 2.22044605e-16 2.22044605e-16
 2.22044605e-16 2.66149616e-01 4.93132336e-01]",0.6602629292601293,0.6899305959354786,,,90,84,64400,58800
DTLZ1,7,7,100,"[2.22044605e-16 2.22044605e-16 2.22044605e-16 2.22044605e-16
 2.22044605e-16 2.09207752e-01 3.67890670e-01]",0.6341864211027299,0.6563854286368471,,,90,47,64330,58800
DTLZ2,7,1,100,"[8.31710395e-18 2.15039297e-17 2.35309405e-17 3.88818446e-17
 1.01093038e+00 1.65356273e-18 0.00000000e+00]",0.03015116318756881,0.028016190115719694,,,85,72,51254,58800
DTLZ2,7,2,100,"[7.25002842e-52 0.00000000e+00 1.02722345e+00 0.00000000e+00
 0.00000000e+00 2.56805863e-01 0.00000000e+00]",0.14426518917334447,0.15292482312761072,,,89,84,52836,58800
DTLZ2,7,3,100,"[7.25002842e-52 0.00000000e+00 1.00205348e+00 2.50513369e-01
 0.00000000e+00 0.00000000e+00 0.00000000e+00]",0.14209447062962774,0.15223332660338076,,,87,81,57974,58800
DTLZ2,7,4,100,"[7.25002842e-52 2.48448844e-01 0.00000000e+00 9.93795376e-01
 0.00000000e+00 0.00000000e+00 0.00000000e+00]",0.1647578653876649,0.15630354926460074,,,9,79,6650,58800
DTLZ2,7,5,100,"[2.22044605e-16 2.22044605e-16 9.27156019e-01 2.22044605e-16
 2.22044605e-16 1.98636208e-01 2.22044605e-16]",0.10652601891575553,0.11452982765674734,,,79,80,20510,58800
DTLZ2,7,6,100,"[2.22044605e-16 2.22044605e-16 9.66310773e-01 2.22044605e-16
 2.22044605e-16 2.38586212e-01 2.22044605e-16]",0.1392305918030116,0.12071056877192195,,,89,81,59402,58800
DTLZ2,7,7,100,"[2.22044605e-16 2.22044605e-16 9.66310773e-01 2.22044605e-16
 2.22044605e-16 2.38586212e-01 2.22044605e-16]",0.14023308019940406,0.1403219568832424,,,87,77,63000,58800
DTLZ3,7,1,100,"[1.94212829e-47 0.00000000e+00 0.00000000e+00 0.00000000e+00
 0.00000000e+00 3.48327116e+01 8.70817790e+00]",0.1491513440833526,0.08821762177041798,,,37,80,44968,58800
DTLZ3,7,2,100,"[1.94212829e-47 0.00000000e+00 0.00000000e+00 1.51759182e+01
 7.58795910e+00 1.51759182e+01 0.00000000e+00]",0.23584174375134492,0.33544669660464493,,,58,79,29708,58800
DTLZ3,7,3,100,"[1.94212829e-47 0.00000000e+00 0.00000000e+00 0.00000000e+00
 0.00000000e+00 1.31520237e+00 5.26080949e+00]",0.11830998578767106,0.16083953943575577,,,73,82,51730,58800
DTLZ3,7,4,100,"[1.94212829e-47 0.00000000e+00 0.00000000e+00 0.00000000e+00
 0.00000000e+00 1.77935739e+00 2.66903609e+00]",0.046007629811489134,0.4424115833879018,,,84,34,56126,58800
DTLZ3,7,5,100,"[6.05156393e+00 2.22044605e-16 2.22044605e-16 2.22044605e-16
 2.22044605e-16 2.22044605e-16 8.12615200e-01]",0.1415628529323896,0.09893805463231153,,,89,25,53172,58800
DTLZ3,7,6,100,"[9.31594452e-01 2.22044605e-16 2.22044605e-16 2.22044605e-16
 2.22044605e-16 2.22044605e-16 1.96291837e-01]",0.11413040966457405,0.0707534348663124,,,90,25,63504,58800
DTLZ3,7,7,100,"[9.71417993e-01 2.22044605e-16 2.22044605e-16 2.22044605e-16
 2.22044605e-16 2.22044605e-16 2.37880054e-01]",0.1419049952637372,0.10184863319562866,,,90,51,64400,58800
DTLZ4,7,1,100,"[4.15851810e-020 3.96481776e-178 4.05212038e-001 4.05212038e-001
 8.10424077e-001 1.14643426e-078 4.05212038e-001]",0.3281600010787813,0.3632516048005964,,,90,85,59402,58800
DTLZ4,7,2,100,"[8.00152816e-034 3.96481776e-178 3.83290631e-001 3.83290631e-001
 3.83290631e-001 1.28702870e-117 7.66581262e-001]",0.32417077130938404,0.3488655498404976,,,90,85,59920,58800
DTLZ4,7,3,100,"[6.86292439e-037 3.96481776e-178 0.00000000e+000 8.49899758e-001
 5.66599839e-001 4.38746043e-143 7.46174594e-194]",0.04584253996821665,0.04221647177441051,,,90,84,58464,58800
DTLZ4,7,4,100,"[1.82959215e-038 3.96481776e-178 3.06690852e-001 9.20072556e-001
 3.06690852e-001 0.00000000e+000 7.46174594e-194]",0.11254393477066628,0.1068097693326741,,,89,85,60018,58800
DTLZ4,7,5,100,"[2.22044605e-16 2.22044605e-16 3.35853350e-01 3.35853350e-01
 3.35853350e-01 2.22044605e-16 7.14569557e-01]",0.4123853449190555,0.4013856633148447,,,89,83,53382,58800
DTLZ4,7,6,100,"[2.22044605e-16 2.22044605e-16 3.35478344e-01 3.35478344e-01
 3.35478344e-01 2.22044605e-16 7.14027565e-01]",0.41447162084730926,0.3887568894697708,,,89,84,64400,58800
DTLZ4,7,7,100,"[2.22044605e-16 2.22044605e-16 3.35031990e-01 3.35031990e-01
 3.35031990e-01 2.22044605e-16 7.13384458e-01]",0.3224630946863533,0.37330633253474504,,,90,84,64400,58800
DTLZ1,8,1,100,"[ 0.          0.          0.          0.          0.          0.
  0.         41.23852599]",0.5707148382536373,0.5732518827596212,,,122,40,75936,96000
DTLZ1,8,2,100,"[0.         0.         0.         0.         0.         1.29200654
 1.29200654 3.87601962]",0.715604163782606,0.8163550252852344,,,96,75,90672,96000
DTLZ1,8,3,100,"[0.         0.         0.         0.         0.         0.
 0.31563584 0.47345377]",0.6759006529711988,0.8218725097881844,,,127,39,93328,96000
DTLZ1,8,4,100,"[0.         0.         0.         0.         0.         0.
 3.86441866 0.        ]",0.5699695554706613,0.5704992897483894,,,126,7,89792,96000
DTLZ1,8,5,100,"[2.22044605e-16 2.22044605e-16 2.22044605e-16 2.22044605e-16
 2.22044605e-16 2.22044605e-16 9.77942433e-02 1.77960958e-01]",0.6544186316845431,1.8620807582982672,,,120,51,77168,96000
DTLZ1,8,6,100,"[2.22044605e-16 2.22044605e-16 2.22044605e-16 2.22044605e-16
 2.22044605e-16 2.22044605e-16 9.79589525e-02 1.74641252e-01]",0.6585680170444579,1.5383472156327165,,,127,66,100992,96000
DTLZ1,8,7,100,"[2.22044605e-16 2.22044605e-16 2.22044605e-16 2.22044605e-16
 2.22044605e-16 2.22044605e-16 9.53936873e-02 1.71197885e-01]",0.6489718872616855,0.7579855698934578,,,127,80,102400,96000
DTLZ2,8,1,100,"[1.66917115e-18 2.73772681e-18 1.50535108e-18 2.62079699e-17
 9.95504752e-19 8.77009506e-01 5.84673004e-01 0.00000000e+00]",0.04805470163531611,0.04231965144391695,,,125,117,89536,96000
DTLZ2,8,2,100,"[4.30396297e-35 0.00000000e+00 0.00000000e+00 0.00000000e+00
 9.37595236e-01 3.12531745e-01 3.12531745e-01 0.00000000e+00]",0.10261082298279357,0.09146238824980811,,,103,121,49264,96000
DTLZ2,8,3,100,"[1.99227901e-49 0.00000000e+00 0.00000000e+00 0.00000000e+00
 9.77949585e-01 2.44487396e-01 0.00000000e+00 0.00000000e+00]",0.14581756939023124,0.1565629544585198,,,126,119,85280,96000
DTLZ2,8,4,100,"[3.23785494e-50 0.00000000e+00 0.00000000e+00 9.93662588e-01
 0.00000000e+00 2.48415647e-01 0.00000000e+00 0.00000000e+00]",0.14677069204005874,0.15504437357651227,,,123,116,70944,96000
DTLZ2,8,5,100,"[2.22044605e-16 2.22044605e-16 2.22044605e-16 2.22044605e-16
 2.22044605e-16 8.12742680e-01 5.34842937e-01 2.22044605e-16]",0.4637657952541971,0.04594833250635311,,,7,112,7344,96000
DTLZ2,8,6,100,"[2.22044605e-16 2.22044605e-16 2.22044605e-16 2.22044605e-16
 2.22044605e-16 8.12742680e-01 5.34842937e-01 2.22044605e-16]",0.4637657952541971,0.046003203838053446,,,7,121,6400,96000
DTLZ2,8,7,100,"[2.22044605e-16 2.22044605e-16 2.22044605e-16 2.22044605e-16
 2.22044605e-16 8.12742680e-01 5.34842937e-01 2.22044605e-16]",0.4637657952541971,0.03936477881270993,,,7,119,6400,96000
DTLZ3,8,1,100,"[3.39017702e-31 0.00000000e+00 0.00000000e+00 0.00000000e+00
 0.00000000e+00 3.26927918e+02 1.08975973e+02 1.08975973e+02]",0.3591332599002719,0.1013259425237259,,,81,120,45328,96000
DTLZ3,8,2,100,"[5.58105709e-49 0.00000000e+00 0.00000000e+00 0.00000000e+00
 2.14220269e+00 2.14220269e+00 4.28440538e+00 2.14220269e+00]",0.35627029537855776,0.4701937139254575,,,82,102,89872,96000
DTLZ3,8,3,100,"[5.58105709e-49 0.00000000e+00 0.00000000e+00 0.00000000e+00
 0.00000000e+00 6.72736929e-01 6.72736929e-01 2.01821079e+00]",0.10179342586814893,0.31758281297257174,,,121,66,91488,96000
DTLZ3,8,4,100,"[5.58105709e-49 0.00000000e+00 0.00000000e+00 0.00000000e+00
 0.00000000e+00 0.00000000e+00 5.99640144e-01 8.99460217e-01]",0.05669488151699448,0.4661276340305193,,,127,38,91680,96000
DTLZ3,8,5,100,"[2.22044605e-16 2.22044605e-16 2.22044605e-16 2.22044605e-16
 2.22044605e-16 2.72391732e-01 2.72391732e-01 9.18642262e-01]",0.10734323380918995,0.24216582289356273,,,127,38,91632,96000
DTLZ3,8,6,100,"[2.22044605e-16 2.22044605e-16 2.22044605e-16 2.22044605e-16
 2.22044605e-16 2.22982945e-01 2.22982945e-01 8.38572554e-01]",0.07761322995223062,0.1888432629795545,,,127,23,102384,96000
DTLZ3,8,7,100,"[2.22044605e-16 2.22044605e-16 2.22044605e-16 2.22044605e-16
 2.22044605e-16 2.62503123e-01 2.62503123e-01 8.72957849e-01]",0.11702853041202026,0.2534745756499877,,,127,24,102384,96000
DTLZ4,8,1,100,"[1.24333369e-019 6.19789909e-020 1.61634605e-090 1.29200345e-058
 2.10784219e-208 1.03651581e+000 0.00000000e+000 1.37876269e-206]",0.023786054081258383,0.03032597094237827,,,107,121,88944,96000
DTLZ4,8,2,100,"[3.98221085e-001 3.98221085e-001 1.12144453e-107 1.29200345e-058
 0.00000000e+000 3.98221085e-001 0.00000000e+000 7.96442169e-001]",0.32509995398477415,0.3072249106971847,,,127,121,57424,96000
DTLZ4,8,3,100,"[0.38911017 0.77822033 0.         0.38911017 0.         0.38911017
 0.         0.        ]",0.3261436844539783,0.40767716184027025,,,126,120,94592,96000
DTLZ4,8,4,100,"[2.57427716e-001 1.02971087e+000 0.00000000e+000 1.29200345e-058
 0.00000000e+000 1.02633513e-174 0.00000000e+000 0.00000000e+000]",0.14698237769788491,0.15688755898167986,,,124,121,94064,96000
DTLZ4,8,5,100,"[3.15135915e-01 3.15135915e-01 2.22044605e-16 2.22044605e-16
 2.22044605e-16 3.15135915e-01 2.22044605e-16 6.94335679e-01]",0.3092431132332211,0.38798820626813557,,,127,120,85424,96000
DTLZ4,8,6,100,"[3.25214457e-01 3.25214457e-01 2.22044605e-16 2.22044605e-16
 2.22044605e-16 3.25214457e-01 2.22044605e-16 7.04017145e-01]",0.4050930067240963,0.39116050899890525,,,127,121,102400,96000
DTLZ4,8,7,100,"[3.25423383e-01 3.25423383e-01 2.22044605e-16 2.22044605e-16
 2.22044605e-16 3.25423383e-01 2.22044605e-16 7.03696532e-01]",0.3228927888181744,0.39824609700547664,,,125,121,102400,96000
DTLZ1,9,1,100,"[ 0.          0.          0.          0.          0.          0.
  0.          0.         56.87606939]",0.6590170574914345,0.5737839062884419,,,130,151,74736,149400
DTLZ1,9,2,100,"[ 0.          0.          0.          0.          0.          0.
  0.         14.51406957  0.        ]",0.5807119169582587,0.5737631976603849,,,165,112,101610,149400
DTLZ1,9,3,100,"[0.         0.         0.         0.         0.         0.
 2.28254617 6.8476385  2.28254617]",0.8473587633615213,0.971803554255427,,,173,126,139014,149400
DTLZ1,9,4,100,"[0.         0.         0.         0.         0.         0.
 0.09966387 0.19932774 0.19932774]",0.8077774641527606,1.5416782397548041,,,173,143,147402,149400
DTLZ1,9,5,100,"[2.22044605e-16 2.22044605e-16 2.22044605e-16 2.22044605e-16
 2.22044605e-16 2.22044605e-16 3.07837319e-02 1.90729764e-01
 3.07837319e-02]",0.7096256621094815,0.7217750661589394,,,173,115,141966,149400
DTLZ1,9,6,100,"[2.22044605e-16 2.22044605e-16 2.22044605e-16 2.22044605e-16
 2.22044605e-16 2.22044605e-16 3.07837319e-02 1.90729764e-01
 3.07837319e-02]",0.7024587049832113,0.7217750661589394,,,173,165,156600,149400
DTLZ1,9,7,100,"[2.22044605e-16 2.22044605e-16 2.22044605e-16 2.22044605e-16
 2.22044605e-16 2.22044605e-16 3.07837319e-02 1.90729764e-01
 3.07837319e-02]",0.7094481673217937,0.7095149441694367,,,173,166,156600,149400
DTLZ2,9,1,100,"[3.76482968e-19 2.53160913e-18 0.00000000e+00 0.00000000e+00
 4.00316109e-19 2.09965847e-18 0.00000000e+00 0.00000000e+00
 1.03351235e+00]",0.062086490064617784,0.0365939810538911,,,96,164,47286,149400
DTLZ2,9,2,100,"[4.96288789e-52 2.42650905e-50 0.00000000e+00 0.00000000e+00
 0.00000000e+00 0.00000000e+00 9.97992260e-01 2.49498065e-01
 0.00000000e+00]",0.18956971496676234,0.16155839873862934,,,14,165,10044,149400
DTLZ2,9,3,100,"[4.96288789e-52 0.00000000e+00 0.00000000e+00 0.00000000e+00
 0.00000000e+00 0.00000000e+00 8.39212050e-01 5.59474700e-01
 0.00000000e+00]",0.5021376468457631,0.04221644828397839,,,8,166,9054,149400
DTLZ2,9,4,100,"[3.58632959e-57 0.00000000e+00 0.00000000e+00 0.00000000e+00
 0.00000000e+00 0.00000000e+00 6.79768566e-01 6.79768566e-01
 3.39884283e-01]",1.013197153591655,0.12740771932171377,,,8,165,9000,149400
DTLZ2,9,5,100,"[2.22044605e-16 2.22044605e-16 2.22044605e-16 2.22044605e-16
 2.22044605e-16 2.22044605e-16 7.99540551e-01 5.21477096e-01
 2.22044605e-16]",0.4853613814630086,0.04898704896503154,,,8,163,9000,149400
DTLZ2,9,6,100,"[2.22044605e-16 2.22044605e-16 2.22044605e-16 2.22044605e-16
 2.22044605e-16 2.22044605e-16 7.99540551e-01 5.21477096e-01
 2.22044605e-16]",0.4853613814630086,0.03860493464907601,,,8,164,9000,149400
DTLZ2,9,7,100,"[2.22044605e-16 2.22044605e-16 2.22044605e-16 2.22044605e-16
 2.22044605e-16 2.22044605e-16 8.12155180e-01 5.34091725e-01
 2.22044605e-16]",0.4916060408889821,0.04793066784687715,,,8,163,9000,149400
DTLZ3,9,1,100,"[8.07307731e-31 7.19505790e-16 0.00000000e+00 0.00000000e+00
 0.00000000e+00 1.92529042e+02 0.00000000e+00 0.00000000e+00
 1.28352694e+02]",0.03884886854140667,0.0324359385753891,,,96,157,130734,149400
DTLZ3,9,2,100,"[1.71362878e-52 0.00000000e+00 0.00000000e+00 0.00000000e+00
 0.00000000e+00 0.00000000e+00 0.00000000e+00 2.91862156e+01
 0.00000000e+00]",0.0489521235153818,0.11784341980921649,,,113,115,85536,149400
DTLZ3,9,3,100,"[1.71362878e-52 0.00000000e+00 0.00000000e+00 0.00000000e+00
 0.00000000e+00 0.00000000e+00 0.00000000e+00 7.37912540e+01
 4.91941693e+01]",0.053147779619555434,0.5021376468457629,,,147,90,118674,149400
DTLZ3,9,4,100,"[1.71362878e-52 0.00000000e+00 0.00000000e+00 0.00000000e+00
 0.00000000e+00 0.00000000e+00 0.00000000e+00 6.49142760e-01
 9.73714140e-01]",0.04997013416342909,0.5021376468457631,,,173,122,138456,149400
DTLZ3,9,5,100,"[2.22044605e-16 2.22044605e-16 2.22044605e-16 2.22044605e-16
 2.22044605e-16 6.65899060e-01 2.22044605e-16 2.22044605e-16
 3.77497253e-01]",0.03530440715649675,0.2368216411363472,,,171,148,113076,149400
DTLZ3,9,6,100,"[2.22044605e-16 2.22044605e-16 2.22044605e-16 2.22044605e-16
 2.22044605e-16 7.93040196e-01 2.22044605e-16 2.22044605e-16
 5.14672307e-01]",0.05492603230516861,0.4160367882276567,,,173,136,156240,149400
DTLZ3,9,7,100,"[2.22044605e-16 2.22044605e-16 2.22044605e-16 2.22044605e-16
 2.22044605e-16 7.98812914e-01 2.22044605e-16 2.22044605e-16
 5.20806417e-01]",0.05364506547788454,0.43765436854422723,,,173,159,156600,149400
DTLZ4,9,1,100,"[4.08199814e-033 1.17011924e+000 6.03387621e-116 0.00000000e+000
 1.86035188e-147 4.42168793e-121 0.00000000e+000 0.00000000e+000
 2.92529810e-001]",0.1488333833770752,0.10933915054030646,,,167,166,140958,149400
DTLZ4,9,2,100,"[0.47851898 0.47851898 0.47851898 0.         0.         0.
 0.         0.47851898 0.47851898]",0.3849203852392071,0.3999047930589008,,,173,166,129384,149400
DTLZ4,9,3,100,"[5.79767040e-50 8.15625708e-01 4.07812854e-01 0.00000000e+00
 0.00000000e+00 0.00000000e+00 0.00000000e+00 4.07812854e-01
 4.07812854e-01]",0.4295635299516372,0.32014560562021016,,,173,166,146412,149400
DTLZ4,9,4,100,"[5.79767040e-050 4.33438901e-106 0.00000000e+000 9.17109750e-001
 0.00000000e+000 3.05703250e-001 0.00000000e+000 3.05703250e-001
 1.67443429e-080]",0.1160691334761025,0.09312661336490899,,,173,166,134100,149400
DTLZ4,9,5,100,"[2.22044605e-16 7.07710745e-01 3.29416019e-01 2.22044605e-16
 2.22044605e-16 2.22044605e-16 2.22044605e-16 3.29416019e-01
 3.29416019e-01]",0.4075699690897163,0.32486568272192273,,,173,165,121752,149400
DTLZ4,9,6,100,"[2.22044605e-16 7.07710745e-01 3.29416019e-01 2.22044605e-16
 2.22044605e-16 2.22044605e-16 2.22044605e-16 3.29416019e-01
 3.29416019e-01]",0.32746226906681253,0.3260078214968816,,,173,166,156600,149400
DTLZ4,9,7,100,"[2.22044605e-16 7.07457477e-01 3.29261596e-01 2.22044605e-16
 2.22044605e-16 2.22044605e-16 2.22044605e-16 3.29261596e-01
 3.29261596e-01]",0.40645011115529295,0.39628606535382416,,,173,165,156600,149400
