problem,num_obj,iteration,num_gens,reference_point,preferred_ranges,iRVEA_RP_R_IGD,iRVEA_Ranges_R_IGD,iRVEA_RP_R_HV,iRVEA_Ranges_R_HV,iRVEA_RP_N_Ss,iRVEA_Ranges_N_Ss,iRVEA_RP_FEs,iRVEA_Ranges_FEs
DTLZ1,3,1,100,[0.19040434 0.61564632 1.17440528],"[[0.14880375 0.23200492]
 [0.57404574 0.65724691]
 [1.17440528 1.17440528]]",0.6027812450167419,0.6157863892438395,8.870029248379616,8.278095685374565,13,0,30978,28806
DTLZ1,3,2,100,[0.19040434 0.39311424 1.17440528],"[[0.16793632 0.21287235]
 [0.37064623 0.41558226]
 [1.17440528 1.17440528]]",0.5780245625802641,0.5815087517098986,8.660178381063005,8.16006656986498,12,1,31362,20646
DTLZ1,3,3,100,[0.01703535 0.06211677 1.17440528],"[[0.01703535 0.01703535]
 [0.06211677 0.06211677]
 [1.17440528 1.17440528]]",0.557126976796351,0.5578765810465097,8.03709012218795,7.988147660030804,67,0,27492,1530
DTLZ1,3,4,100,[0.08255136 0.33020545 0.10577362],"[[0.06963962 0.09546311]
 [0.3172937  0.34311719]
 [0.09286188 0.11868537]]",0.5984604590605396,0.5935755549917636,8.668727504046005,8.385687672052612,105,2,27516,28674
DTLZ1,3,5,100,[0.         0.06381503 0.35268269],"[[0.         0.        ]
 [0.03675702 0.09087304]
 [0.32562468 0.3797407 ]]",0.5571280715921082,0.5565692751645837,8.234189781739252,8.381543843367774,103,2,25632,18840
DTLZ1,3,6,100,[0.         0.04245984 0.3121807 ],"[[0.         0.        ]
 [0.0004289  0.08449078]
 [0.27014976 0.35421165]]",0.5574077151856863,0.55558323779351,8.124087281926222,8.459036527240867,105,7,32058,36582
DTLZ1,3,7,100,[0.         0.04613842 0.31585928],"[[0.         0.        ]
 [0.00778605 0.08449078]
 [0.27750692 0.35421165]]",0.558041673667367,0.5556669398610468,8.1232395532578,8.465445865367967,104,22,32394,38496
DTLZ2,3,1,100,[4.19995271e-17 4.53356423e-17 1.00927597e+00],"[[4.19995271e-17 4.19995271e-17]
 [4.53356423e-17 4.53356423e-17]
 [1.00927597e+00 1.00927597e+00]]",0.008978395471711292,0.0804079694096973,8.079877854316003,8.0,58,4,19008,1512
DTLZ2,3,2,100,[0.97268932 0.24317233 0.        ],"[[0.86818003 1.07719861]
 [0.13866304 0.34768162]
 [0.         0.10450929]]",0.06547374617783216,0.03116688752868919,8.32324044389166,8.581054811419076,67,44,18948,28668
DTLZ2,3,3,100,[1.00075914 0.         0.        ],"[[1.00075914 1.00075914]
 [0.         0.        ]
 [0.         0.        ]]",0.008734196692248892,0.08040796940969733,8.08017664757664,8.0,50,3,30048,1530
DTLZ2,3,4,100,[3.74983275e-33 1.00011554e+00 0.00000000e+00],"[[0.00000000e+00 6.12394146e-17]
 [1.00011554e+00 1.00011554e+00]
 [0.00000000e+00 6.12394146e-17]]",0.008774577348180204,0.0804079694096973,8.08001134360479,8.0,58,4,25902,1200
DTLZ2,3,5,100,[0.96995397 0.24199001 0.        ],"[[0.96928933 0.97061862]
 [0.24132536 0.24265465]
 [0.         0.        ]]",0.06465537393448795,0.11031112812879965,8.215644061157754,8.005679453043905,62,4,24024,1368
DTLZ2,3,6,100,[0.96922961 0.24153464 0.        ],"[[0.96819925 0.97025996]
 [0.24050429 0.24256499]
 [0.         0.        ]]",0.06449960169077779,0.10984949878222393,8.214291657752565,8.00533824657213,82,6,32400,30966
DTLZ2,3,7,100,[0.96997639 0.24236257 0.        ],"[[0.96980102 0.97015177]
 [0.24218719 0.24253794]
 [0.         0.        ]]",0.06522478593288124,0.11124021656340181,8.216337434912466,8.000979351631365,64,3,32400,36678
DTLZ3,3,1,100,[1.06165315 1.04866516 1.06961391],"[[1.06165315 1.06165315]
 [1.04866516 1.04866516]
 [1.06961391 1.06961391]]",0.02739105323869646,0.008529874494753032,9.064285959500122,7.982235841047049,11,3,31338,1512
DTLZ3,3,2,100,[9.92362735e-16 0.00000000e+00 1.06961391e+00],"[[2.38906220e-16 1.74581925e-15]
 [0.00000000e+00 7.53456515e-16]
 [1.06961391e+00 1.06961391e+00]]",0.7415440621684074,0.023105563768777062,4.134732243391257,8.063357735744251,4,12,2298,3594
DTLZ3,3,3,100,[7.86554831e-16 1.04866516e+00 1.06961391e+00],"[[0.         1.06165315]
 [1.04866516 1.04866516]
 [1.06961391 1.06961391]]",0.019070585960469344,0.012859962088032506,8.767420158095295,8.007407118047979,8,3,16080,28836
DTLZ3,3,4,100,[9.11465742e-17 1.04866516e+00 1.06961391e+00],"[[0.         0.17535039]
 [1.04866516 1.04866516]
 [1.00335615 1.06961391]]",0.019134453208994515,0.0076325494694038706,8.760056016014733,8.077422457725312,61,2,32400,33342
DTLZ3,3,5,100,[0.         0.         1.06961391],"[[0.00000000e+00 6.93889390e-17]
 [0.00000000e+00 0.00000000e+00]
 [1.06961391e+00 1.06961391e+00]]",0.012956746864255152,0.5021699683899825,8.024402435580882,4.766334124034551,33,0,27942,1548
DTLZ3,3,6,100,[0.         0.         1.01766439],"[[0.00000000e+00 2.35656832e-18]
 [0.00000000e+00 0.00000000e+00]
 [1.01766439e+00 1.01766439e+00]]",0.012899153783396986,0.0804079694096973,8.024307611194072,8.0,76,3,32400,1200
DTLZ3,3,7,100,[0.         0.         1.01223191],"[[0.00000000e+00 1.04354459e-18]
 [0.00000000e+00 0.00000000e+00]
 [1.01215467e+00 1.01230915e+00]]",0.012599383417670263,0.0804079694096973,8.024076713564364,8.0,82,2,32400,1200
DTLZ4,3,1,100,[0.6896166  0.6896166  0.34484395],"[[0.41610378 0.96312942]
 [0.41610378 0.96312942]
 [0.07133113 0.61835677]]",0.050899137158752106,0.039237665642949775,8.926283787277187,9.609785723485375,93,99,26502,29556
DTLZ4,3,2,100,[3.75524523e-33 1.00250915e+00 2.26483871e-24],"[[0.00000000e+00 6.13859811e-17]
 [1.00250915e+00 1.00250915e+00]
 [0.00000000e+00 6.13859834e-17]]",0.00877414669420532,0.08040789897113157,8.080649238087734,7.999997769460543,64,3,26256,1524
DTLZ4,3,3,100,[1.00017515e+00 1.94340501e-20 5.00175319e-45],"[[1.00012975e+00 1.00022055e+00]
 [0.00000000e+00 4.54026779e-05]
 [0.00000000e+00 4.54026779e-05]]",0.008844505699149149,0.08037018304107459,8.079581932160053,7.9999999911024995,64,8,29238,24510
DTLZ4,3,4,100,[0.30420126 0.91260378 0.30420126],"[[0.13305232 0.4753502 ]
 [0.74145484 1.00732233]
 [0.13305232 0.4753502 ]]",0.03278331682964351,0.015085799359870075,8.764662908510658,9.610170562798674,90,75,25536,23940
DTLZ4,3,5,100,[0.6488925 0.6488925 0.3147346],"[[0.62946921 0.66831579]
 [0.62946921 0.66831579]
 [0.29531131 0.3341579 ]]",0.04237656000221238,0.030513910864881737,8.760021189898366,8.265533202173279,99,30,26952,15552
DTLZ4,3,6,100,[0.66402216 0.66402216 0.33038642],"[[0.66077283 0.66727149]
 [0.66077283 0.66727149]
 [0.32713709 0.33363574]]",0.04953239822643126,0.058423081663472515,8.657299179811133,8.03971539709288,93,13,32400,31392
DTLZ4,3,7,100,[0.6650274  0.6650274  0.33164925],"[[0.66329849 0.66675632]
 [0.66329849 0.66675632]
 [0.32992034 0.33337816]]",0.05072066752007932,0.06155384393189822,8.707844109754372,8.020824520114314,83,12,32400,37470
DTLZ1,4,1,100,[0.         0.80121248 1.02856    1.12577332],"[[0.         0.76102715]
 [0.04018533 1.1131739 ]
 [1.02856    1.02856   ]
 [1.12577332 1.12577332]]",0.7374337713543733,0.7687897036352973,,,12,15,47144,46192
DTLZ1,4,2,100,[0.         0.00964274 1.02856    1.12577332],"[[0.         0.07987436]
 [0.         0.0895171 ]
 [1.02856    1.02856   ]
 [1.12577332 1.12577332]]",0.6937833816348415,0.7151069453112858,,,7,8,31984,42680
DTLZ1,4,3,100,[0.         0.         0.97543947 0.20910304],"[[0.         0.00994804]
 [0.         0.00994804]
 [0.96549143 0.98538751]
 [0.199155   0.21905108]]",0.7021709998345239,0.7214366698796613,,,21,26,42944,42976
DTLZ1,4,4,100,[0.         0.         0.53005541 0.00797484],"[[0.         0.00472535]
 [0.         0.00472535]
 [0.52533006 0.53478076]
 [0.00324949 0.01270019]]",0.5594681553283282,0.5642838915714918,,,50,59,45376,48416
DTLZ1,4,5,100,[0.         0.         0.34897198 0.06066584],"[[0.         0.        ]
 [0.         0.        ]
 [0.31353577 0.38440819]
 [0.02522963 0.09610205]]",0.6775720171343641,0.680543601420495,,,120,66,48000,49960
DTLZ1,4,6,100,[0.         0.         0.29619155 0.03993322],"[[0.         0.        ]
 [0.         0.        ]
 [0.25070532 0.34167777]
 [0.         0.08541944]]",0.649094343370345,0.6497022533223071,,,119,92,49064,58032
DTLZ1,4,7,100,[0.         0.         0.29156834 0.03862263],"[[0.         0.        ]
 [0.         0.        ]
 [0.24587573 0.33726095]
 [0.         0.08431524]]",0.6494289115591213,0.6497367423072176,,,123,100,49600,60008
DTLZ2,4,1,100,[9.47697949e-18 2.53891328e-17 1.03694565e+00 0.00000000e+00],"[[0.         0.1046667 ]
 [0.         0.1046667 ]
 [0.93227895 1.09987709]
 [0.         0.1046667 ]]",0.007984023667322853,0.018661977480466743,,,97,17,42760,32976
DTLZ2,4,2,100,[2.05104678e-18 0.00000000e+00 5.57529658e-01 8.36294486e-01],"[[0.         0.13944123]
 [0.         0.13944123]
 [0.41808843 0.69697089]
 [0.69685326 0.97573571]]",0.1902364228713113,0.06487052183681544,,,4,105,2176,38192
DTLZ2,4,3,100,[2.05104678e-18 0.00000000e+00 2.45868718e-01 9.83474873e-01],"[[0.         0.13893405]
 [0.         0.13893405]
 [0.10693467 0.38480277]
 [0.84454082 1.04453425]]",0.08749529628285076,0.11594816680007741,,,79,72,23672,45096
DTLZ2,4,4,100,[2.05104678e-18 2.43979638e-01 0.00000000e+00 9.75918551e-01],"[[0.         0.19360933]
 [0.05037031 0.43758897]
 [0.         0.19360933]
 [0.78230922 1.04453425]]",0.08607951001295923,0.06554588398037602,,,94,108,42784,48768
DTLZ2,4,5,100,[0.         0.25745121 0.59188339 0.59188339],"[[0.         0.        ]
 [0.18047024 0.33443218]
 [0.51490242 0.66886436]
 [0.51490242 0.66886436]]",0.025320566456121796,0.014963576741844982,,,110,96,38080,31416
DTLZ2,4,6,100,[0.         0.32096964 0.65439091 0.65439091],"[[0.         0.        ]
 [0.308518   0.33342127]
 [0.64193927 0.66684254]
 [0.64193927 0.66684254]]",0.032928486920571154,0.0435794382893422,,,111,48,49472,51104
DTLZ2,4,7,100,[0.         0.32838462 0.66180589 0.66180589],"[[0.         0.        ]
 [0.32334797 0.33342127]
 [0.65676924 0.66684254]
 [0.65676924 0.66684254]]",0.03360780861395581,0.0555031018429824,,,94,35,49600,57952
DTLZ3,4,1,100,[0.22363639 1.08271778 1.06995876 1.09993525],"[[0.         1.07982753]
 [1.08271778 1.08271778]
 [0.38959904 1.06995876]
 [1.09993525 1.09993525]]",0.15603066129424917,0.12973238426457528,,,20,8,42576,46280
DTLZ3,4,2,100,[6.09039571e-16 4.64469047e-01 5.39527359e-01 1.09993525e+00],"[[0.         0.45707217]
 [0.00739687 0.92154122]
 [0.08245518 0.99659953]
 [1.09993525 1.09993525]]",0.07221386257241016,0.08813481405418933,,,72,20,44064,43160
DTLZ3,4,3,100,[5.83774168e-17 5.35939223e-17 3.21113683e-16 1.09993525e+00],"[[5.83774168e-17 5.83774168e-17]
 [5.35939223e-17 5.35939223e-17]
 [3.21113683e-16 3.21113683e-16]
 [1.09993525e+00 1.09993525e+00]]",0.009670135536749438,0.955354282943649,,,39,3,43872,2096
DTLZ3,4,4,100,[5.34861149e-33 0.00000000e+00 1.06995876e+00 7.71735052e-01],"[[0.         0.25492353]
 [0.         0.25492353]
 [1.06995876 1.06995876]
 [0.51681152 1.02665859]]",0.010988284453895941,0.1353451005404281,,,79,1,23664,3160
DTLZ3,4,5,100,[0.         0.49019713 0.         1.09993525],"[[0.         0.        ]
 [0.47856319 0.50183106]
 [0.         0.        ]
 [1.09993525 1.09993525]]",0.029656774903372825,0.07270164566578742,,,107,4,36344,2464
DTLZ3,4,6,100,[0.         0.15277833 0.         0.88954368],"[[0.         0.        ]
 [0.0599682  0.24558845]
 [0.         0.        ]
 [0.79673355 0.9823538 ]]",0.09911023709317084,0.09437937190336235,,,120,2,45776,48808
DTLZ3,4,7,100,[0.         0.22788771 0.         0.9608907 ],"[[0.         0.        ]
 [0.21144108 0.24433433]
 [0.         0.        ]
 [0.94444408 0.97733733]]",0.07314979283929927,0.1062137245283336,,,117,2,49136,58552
DTLZ4,4,1,100,[3.49866882e-17 1.51885310e-86 3.87138567e-34 1.01093963e+00],"[[0.00000000e+00 8.33566050e-17]
 [0.00000000e+00 4.83699168e-17]
 [0.00000000e+00 4.83699168e-17]
 [1.01093963e+00 1.01093963e+00]]",0.00736516334672693,0.0990013008406743,,,81,10,43904,3880
DTLZ4,4,2,100,[5.56269036e-01 1.51885310e-86 8.78615876e-52 8.34403554e-01],"[[0.3960945  0.71644357]
 [0.         0.16017454]
 [0.         0.16017454]
 [0.67422902 0.99457809]]",0.0314649133980981,0.048787494332804035,,,108,100,44176,41776
DTLZ4,4,3,100,[3.02580965e-01 3.02580965e-01 8.78615876e-52 9.07742896e-01],"[[0.09652872 0.50863321]
 [0.09652872 0.50863321]
 [0.         0.20605225]
 [0.70169065 1.03553009]]",0.06430231257713184,0.06471856366824388,,,109,120,44584,46632
DTLZ4,4,4,100,[6.81359496e-001 6.81359496e-001 3.40679748e-001 1.28226571e-167],"[[0.38843779 0.9742812 ]
 [0.38843779 0.9742812 ]
 [0.04775804 0.63360145]
 [0.         0.29292171]]",0.03610935783121018,0.09755247824050833,,,115,133,43808,50512
DTLZ4,4,5,100,[0.54209412 0.         0.         0.81968034],"[[0.52901581 0.55517244]
 [0.         0.        ]
 [0.         0.        ]
 [0.80660203 0.83275865]]",0.029765459601816705,0.02015765417945125,,,99,43,40928,46544
DTLZ4,4,6,100,[0.55396743 0.         0.         0.83153522],"[[0.55279927 0.55513558]
 [0.         0.        ]
 [0.         0.        ]
 [0.83036706 0.83270337]]",0.031251002800215186,0.030983771756212742,,,96,30,49600,55544
DTLZ4,4,7,100,[0.5544681  0.         0.         0.83189905],"[[0.55407429 0.5548619 ]
 [0.         0.        ]
 [0.         0.        ]
 [0.83150524 0.83229285]]",0.03142962968728532,0.03183491464268723,,,107,22,49600,58584
DTLZ1,5,1,100,[0.68035786 0.79611997 1.00391406 1.0072438  1.22567819],"[[0.         1.13074514]
 [0.         1.0635889 ]
 [1.00391406 1.00391406]
 [0.78263157 1.0072438 ]
 [1.22567819 1.22567819]]",0.8134770216587092,0.7512203529850863,,,35,25,54400,55960
DTLZ1,5,2,100,[0.04852655 0.04523393 0.05294365 0.00460609 1.22567819],"[[0.         0.34459786]
 [0.         0.34130523]
 [0.         0.34901496]
 [0.         0.3006774 ]
 [1.22567819 1.22567819]]",0.5652486299084316,0.588282501282691,,,112,3,48300,54160
DTLZ1,5,3,100,[0.         0.         1.00391406 0.         0.43993442],"[[0.         0.34060827]
 [0.         0.34060827]
 [1.00391406 1.00391406]
 [0.         0.34060827]
 [0.09932615 0.78054269]]",0.8065087404877278,0.8564144516166264,,,120,4,54210,52910
DTLZ1,5,4,100,[0.         0.         0.45770217 0.45770217 1.22567819],"[[0.         0.25472489]
 [0.         0.25472489]
 [0.20297727 0.71242706]
 [0.20297727 0.71242706]
 [1.15376045 1.22567819]]",0.6237760185800619,0.667461050775385,,,116,0,54520,60810
DTLZ1,5,5,100,[0.         0.         0.50230451 0.         0.34356746],"[[0.         0.        ]
 [0.         0.        ]
 [0.42226135 0.58234768]
 [0.         0.        ]
 [0.26352429 0.42361063]]",0.7669133646848368,0.8397361857984802,,,130,5,58420,61090
DTLZ1,5,6,100,[0.         0.         0.18952465 0.         0.14520216],"[[0.         0.        ]
 [0.         0.        ]
 [0.13994532 0.23910397]
 [0.         0.        ]
 [0.09562284 0.19478148]]",0.756956041987572,0.7519220778393313,,,129,61,65390,79250
DTLZ1,5,7,100,[0.         0.         0.18762619 0.         0.11025538],"[[0.         0.        ]
 [0.         0.        ]
 [0.13411149 0.2411409 ]
 [0.         0.        ]
 [0.05674067 0.16377009]]",0.8078122631795545,0.8004047126604144,,,130,76,64200,80360
DTLZ2,5,1,100,"[3.05138260e-17 1.84781459e-17 3.51793905e-18 1.03491968e+00
 6.08732389e-02]","[[0.         0.01008209]
 [0.         0.01008209]
 [0.         0.01008209]
 [1.02483759 1.04500177]
 [0.05079115 0.07095533]]",0.052711957383504246,0.08941050625434842,,,92,20,49510,37760
DTLZ2,5,2,100,"[3.77681973e-33 0.00000000e+00 3.03977654e-01 9.11932963e-01
 3.03977654e-01]","[[0.         0.16066693]
 [0.         0.16066693]
 [0.14331072 0.46464459]
 [0.75126603 1.07259989]
 [0.14331072 0.46464459]]",0.01649348490996038,0.10572228317882773,,,118,114,58490,38580
DTLZ2,5,3,100,"[3.77681973e-33 0.00000000e+00 5.59462440e-01 8.39193660e-01
 0.00000000e+00]","[[0.         0.28806957]
 [0.         0.28806957]
 [0.27139287 0.84753201]
 [0.55112409 1.09370818]
 [0.         0.28806957]]",0.032197819208127657,0.20444040026953675,,,118,133,59550,65290
DTLZ2,5,4,100,"[2.08768683e-33 0.00000000e+00 9.13089422e-01 3.04363141e-01
 3.04363141e-01]","[[0.         0.1775894 ]
 [0.         0.1775894 ]
 [0.73550002 1.05190036]
 [0.12677374 0.48195255]
 [0.12677374 0.48195255]]",0.014278564554105406,0.06677086179819815,,,120,139,47860,61090
DTLZ2,5,5,100,[0.         0.         0.29088598 0.89519198 0.29088598],"[[0.         0.        ]
 [0.         0.        ]
 [0.27961895 0.302153  ]
 [0.88392495 0.90645901]
 [0.27961895 0.302153  ]]",0.009987526328711999,0.07638342771254054,,,114,58,53760,25800
DTLZ2,5,6,100,[0.         0.         0.29772922 0.90166528 0.29772922],"[[0.         0.        ]
 [0.         0.        ]
 [0.2934904  0.30196803]
 [0.89742646 0.9059041 ]
 [0.2934904  0.30196803]]",0.01145617748822306,0.09111271362172584,,,123,34,66000,75050
DTLZ2,5,7,100,[0.         0.         0.29945776 0.90302868 0.29945776],"[[0.         0.        ]
 [0.         0.        ]
 [0.29713005 0.30178546]
 [0.90070098 0.90535638]
 [0.29713005 0.30178546]]",0.015764804203801684,0.0961061014701551,,,116,29,66000,79480
DTLZ3,5,1,100,[0.27016803 0.13446305 0.20477154 0.31971137 1.06611371],"[[0.27016803 0.27016803]
 [0.13446305 0.13446305]
 [0.20477154 0.20477154]
 [0.31971137 0.31971137]
 [1.06611371 1.06611371]]",0.06463783910982357,1.0234839177439028,,,30,5,46040,3630
DTLZ3,5,2,100,[0.20201735 0.01426917 0.11911952 0.16840488 1.06611371],"[[0.20201735 0.20201735]
 [0.01426917 0.01426917]
 [0.11911952 0.11911952]
 [0.16840488 0.16840488]
 [1.06611371 1.06611371]]",0.20144151239511665,1.172300909329241,,,34,4,62570,3000
DTLZ3,5,3,100,"[8.98882414e-17 6.73035899e-17 2.96011986e-17 6.40424422e-17
 1.06611371e+00]","[[8.98882414e-17 8.98882414e-17]
 [6.73035899e-17 6.73035899e-17]
 [2.96011986e-17 2.96011986e-17]
 [6.40424422e-17 6.40424422e-17]
 [1.06611371e+00 1.06611371e+00]]",0.03118844530442619,0.10952368428015226,,,78,5,54790,3000
DTLZ3,5,4,100,"[9.25828781e-49 1.22547431e+00 0.00000000e+00 0.00000000e+00
 0.00000000e+00]","[[0.         0.044135  ]
 [1.22547431 1.22547431]
 [0.         0.044135  ]
 [0.         0.044135  ]
 [0.         0.044135  ]]",0.036191387305204575,0.07340368604387743,,,59,5,56240,59570
DTLZ3,5,5,100,[0.21489613 0.         0.         0.         0.99150933],"[[0.1709212  0.25887107]
 [0.         0.        ]
 [0.         0.        ]
 [0.         0.        ]
 [0.9475344  1.03548427]]",0.07198596356931501,0.09061855945083204,,,114,6,43200,37980
DTLZ3,5,6,100,[0.21006025 0.         0.         0.         0.94494201],"[[0.17515991 0.24496059]
 [0.         0.        ]
 [0.         0.        ]
 [0.         0.        ]
 [0.91004167 0.97984235]]",0.07436098297322798,0.0954597343109017,,,128,5,66000,79960
DTLZ3,5,7,100,[0.22165375 0.         0.         0.         0.95318234],"[[0.19946463 0.24384286]
 [0.         0.        ]
 [0.         0.        ]
 [0.         0.        ]
 [0.93099323 0.97537146]]",0.07607085728427482,0.10874845819049227,,,130,6,66000,81610
DTLZ4,5,1,100,"[1.52967669e-017 1.44303265e-018 5.25775073e-157 2.46430000e-062
 1.02349142e+000]","[[0.00000000e+00 7.58709237e-17]
 [0.00000000e+00 6.20171894e-17]
 [0.00000000e+00 6.05741567e-17]
 [0.00000000e+00 6.05741567e-17]
 [1.02349142e+00 1.02349142e+00]]",0.03601602206416243,2.178264206959688,,,84,4,57540,2060
DTLZ4,5,2,100,"[2.84235156e-37 3.97488007e-01 7.94976014e-01 3.97488007e-01
 3.97488007e-01]","[[0.         0.33748985]
 [0.05999815 0.73497786]
 [0.45748616 1.02134751]
 [0.05999815 0.73497786]
 [0.05999815 0.73497786]]",0.32659928117055276,0.5174871165764989,,,124,14,58920,6410
DTLZ4,5,3,100,"[2.84235156e-37 9.31030875e-01 3.10343625e-01 2.46430000e-62
 3.10343625e-01]","[[0.         0.11544515]
 [0.81558572 1.04647602]
 [0.19489848 0.42578877]
 [0.         0.11544515]
 [0.19489848 0.42578877]]",0.021198712950494115,0.1408111793371768,,,124,11,59740,4690
DTLZ4,5,4,100,"[2.42587797e-01 5.03783205e-34 9.70351187e-01 8.18629644e-73
 1.24951979e-45]","[[0.0906043  0.39457129]
 [0.         0.15198349]
 [0.81836769 1.02134751]
 [0.         0.15198349]
 [0.         0.15198349]]",0.07803982961666599,0.10711248378462146,,,104,24,57760,9040
DTLZ4,5,5,100,[0.         0.35928951 0.73814859 0.35928951 0.35928951],"[[0.         0.        ]
 [0.33971995 0.37885907]
 [0.71857903 0.75771815]
 [0.33971995 0.37885907]
 [0.33971995 0.37885907]]",0.30186784333052574,0.5508548326818067,,,126,6,52620,2950
DTLZ4,5,6,100,[0.         0.36686232 0.74521432 0.36686232 0.36686232],"[[0.         0.        ]
 [0.35537263 0.378352  ]
 [0.73372464 0.75670401]
 [0.35537263 0.378352  ]
 [0.35537263 0.378352  ]]",0.31330541408236723,0.5919113674526966,,,119,7,65990,2750
DTLZ4,5,7,100,[0.         0.36864295 0.74695248 0.36864295 0.36864295],"[[0.         0.        ]
 [0.35897636 0.37830953]
 [0.7372859  0.75661907]
 [0.35897636 0.37830953]
 [0.35897636 0.37830953]]",0.31032642895148516,0.581987080683743,,,117,5,66000,2010
DTLZ1,6,1,100,[0.06596998 0.25820297 1.3145386  1.25129695 0.         1.199065  ],"[[0.         1.05437493]
 [0.         1.08139927]
 [1.3145386  1.3145386 ]
 [0.61884301 1.25129695]
 [0.         1.06420076]
 [0.80838116 1.199065  ]]",0.8582279218744775,0.9271977674603873,,,106,57,58644,59580
DTLZ1,6,2,100,[0.01567429 0.         0.58227078 0.00410517 0.         1.199065  ],"[[0.         0.53481505]
 [0.         0.51914076]
 [0.06313002 1.10141155]
 [0.         0.52324594]
 [0.         0.51914076]
 [1.199065   1.199065  ]]",0.6272456600096443,0.7946867025104696,,,52,62,68952,70416
DTLZ1,6,3,100,[0.00061704 0.         0.02051392 0.11700557 0.11700557 0.3510167 ],"[[0.         0.09330883]
 [0.         0.09269179]
 [0.         0.1132057 ]
 [0.02431378 0.20969735]
 [0.02431378 0.20969735]
 [0.25832491 0.44370848]]",0.6375741424919429,0.6813779258819928,,,129,139,57780,84276
DTLZ1,6,4,100,[0.         0.         0.         0.         0.         0.54545621],"[[0.         0.        ]
 [0.         0.        ]
 [0.         0.        ]
 [0.         0.        ]
 [0.         0.        ]
 [0.54545621 0.54545621]]",0.5763139099066314,0.9872299763883031,,,130,7,65772,4464
DTLZ1,6,5,100,[0.         0.         0.         0.03608211 0.03608211 0.20336101],"[[0.         0.        ]
 [0.         0.        ]
 [0.         0.        ]
 [0.         0.08363945]
 [0.         0.08363945]
 [0.15580366 0.25091835]]",0.6045868890661443,0.5802324151298432,,,130,158,71964,76608
DTLZ1,6,6,100,[0.         0.         0.         0.03831187 0.03831187 0.20559077],"[[0.         0.        ]
 [0.         0.        ]
 [0.         0.        ]
 [0.         0.08363945]
 [0.         0.08363945]
 [0.1602632  0.25091835]]",0.6034990285584991,0.5769110852509924,,,131,167,79200,99900
DTLZ1,6,7,100,[0.         0.         0.         0.03831187 0.03831187 0.20559077],"[[0.         0.        ]
 [0.         0.        ]
 [0.         0.        ]
 [0.         0.08363945]
 [0.         0.08363945]
 [0.1602632  0.25091835]]",0.6037862487622182,0.5755519890704657,,,130,172,79200,103392
DTLZ2,6,1,100,"[2.88683671e-17 2.48613815e-17 0.00000000e+00 2.50652467e-17
 0.00000000e+00 1.01696752e+00]","[[0.         0.06524624]
 [0.         0.06524624]
 [0.         0.06524624]
 [0.         0.06524624]
 [0.         0.06524624]
 [0.95172128 1.06679729]]",0.022592669232482918,0.05989094934879055,,,111,24,47028,46500
DTLZ2,6,2,100,"[3.78388834e-33 0.00000000e+00 0.00000000e+00 1.01252275e+00
 0.00000000e+00 0.00000000e+00]","[[0.00000000e+00 4.17271375e-05]
 [0.00000000e+00 4.17271375e-05]
 [0.00000000e+00 4.17271375e-05]
 [1.01248102e+00 1.01256448e+00]
 [0.00000000e+00 4.17271375e-05]
 [0.00000000e+00 4.17271375e-05]]",0.02280725784221835,0.10206817156466075,,,113,12,57876,7104
DTLZ2,6,3,100,"[1.32789676e-34 0.00000000e+00 9.22760960e-01 3.07586987e-01
 3.07586987e-01 0.00000000e+00]","[[0.         0.21561714]
 [0.         0.21561714]
 [0.70714382 1.11091907]
 [0.09196984 0.52320413]
 [0.09196984 0.52320413]
 [0.         0.21561714]]",0.287456677892685,0.18639979665268414,,,5,143,4356,55812
DTLZ2,6,4,100,"[2.01864143e-51 0.00000000e+00 9.78093311e-01 0.00000000e+00
 0.00000000e+00 2.44523328e-01]","[[0.         0.21828684]
 [0.         0.21828684]
 [0.75980648 1.11091907]
 [0.         0.21828684]
 [0.         0.21828684]
 [0.02623649 0.46281016]]",0.13919312951174467,0.1749147709879153,,,100,153,20664,84972
DTLZ2,6,5,100,[0.31122845 0.31122845 0.31122845 0.31122845 0.31122845 0.        ],"[[0.17115342 0.45130347]
 [0.17115342 0.45130347]
 [0.17115342 0.45130347]
 [0.17115342 0.45130347]
 [0.17115342 0.45130347]
 [0.         0.        ]]",1.5184112779481336,0.38938776240770073,,,5,159,4260,51504
DTLZ2,6,6,100,[0.39362282 0.39362282 0.39362282 0.39362282 0.39362282 0.        ],"[[0.33952798 0.44771765]
 [0.33952798 0.44771765]
 [0.33952798 0.44771765]
 [0.33952798 0.44771765]
 [0.33952798 0.44771765]
 [0.         0.        ]]",1.5184112779481336,0.40546253816452993,,,5,163,3600,96708
DTLZ2,6,7,100,[0.42186865 0.42186865 0.42186865 0.42186865 0.42186865 0.        ],"[[0.39601964 0.44771765]
 [0.39601964 0.44771765]
 [0.39601964 0.44771765]
 [0.39601964 0.44771765]
 [0.39601964 0.44771765]
 [0.         0.        ]]",1.5184112779481336,0.4354250672897965,,,5,155,3600,101304
DTLZ3,6,1,100,[0.07534305 0.05680542 0.01014344 0.39547203 0.03549212 1.05145986],"[[0.05241086 0.09827523]
 [0.03387324 0.07973761]
 [0.         0.03307562]
 [0.37253984 0.41840421]
 [0.01255994 0.05842431]
 [1.05145986 1.05145986]]",0.13807243026252541,0.08055876487581909,,,67,1,47580,24600
DTLZ3,6,2,100,"[7.30373957e-17 3.34939865e-17 0.00000000e+00 2.11327599e-16
 1.18924818e-17 1.05145986e+00]","[[0.00000000e+00 2.54632694e-16]
 [0.00000000e+00 2.15089285e-16]
 [0.00000000e+00 1.81595298e-16]
 [2.97323006e-17 3.92922897e-16]
 [0.00000000e+00 1.93487780e-16]
 [1.05145986e+00 1.05145986e+00]]",0.026060746659751492,0.08879166875546725,,,98,0,63768,9720
DTLZ3,6,3,100,"[9.09419123e-20 0.00000000e+00 0.00000000e+00 1.25479450e+00
 0.00000000e+00 3.70825550e-01]","[[0.         0.17955386]
 [0.         0.17955386]
 [0.         0.17955386]
 [1.2547945  1.2547945 ]
 [0.         0.17955386]
 [0.19127169 0.55037941]]",0.11805184746062836,0.20342724437067647,,,94,4,36228,58860
DTLZ3,6,4,100,"[1.11268698e-20 0.00000000e+00 0.00000000e+00 0.00000000e+00
 1.02335927e+00 1.05145986e+00]","[[0.         0.55922216]
 [0.         0.55922216]
 [0.         0.55922216]
 [0.         0.55922216]
 [1.02335927 1.02335927]
 [0.71578684 1.05145986]]",0.017562039207750152,0.3349280425859889,,,102,2,40260,9984
DTLZ3,6,5,100,[0.         0.         0.         0.98377304 0.         0.20763448],"[[0.         0.        ]
 [0.         0.        ]
 [0.         0.        ]
 [0.93269467 1.03485141]
 [0.         0.        ]
 [0.15655611 0.25871285]]",0.09699621640478863,0.09115833870294617,,,92,4,37788,29988
DTLZ3,6,6,100,[0.         0.         0.         0.96346349 0.         0.23141247],"[[0.         0.        ]
 [0.         0.        ]
 [0.         0.        ]
 [0.95085896 0.97606803]
 [0.         0.        ]
 [0.21880794 0.24401701]]",0.1296229913501463,0.13041150782534713,,,129,4,75276,95952
DTLZ3,6,7,100,[0.         0.         0.         0.96500378 0.         0.23404732],"[[0.         0.        ]
 [0.         0.        ]
 [0.         0.        ]
 [0.95539894 0.97460861]
 [0.         0.        ]
 [0.22444248 0.24365215]]",0.08087158536392508,0.13515621422918572,,,128,17,79200,102900
DTLZ4,6,1,100,"[2.89780068e-018 1.97112321e-052 1.00394871e+000 5.15659733e-022
 3.77759205e-017 4.64004883e-241]","[[0.00000000e+00 1.16327318e-05]
 [0.00000000e+00 1.16327318e-05]
 [1.00394871e+00 1.00394871e+00]
 [0.00000000e+00 1.16327318e-05]
 [0.00000000e+00 1.16327318e-05]
 [0.00000000e+00 1.16327318e-05]]",0.021955732235900586,0.11604215185583658,,,100,27,71472,59052
DTLZ4,6,2,100,"[3.92136985e-34 4.92026199e-01 4.92026199e-01 4.92026199e-01
 4.92026199e-01 4.92026199e-01]","[[0.         0.3943207 ]
 [0.0977055  0.88634689]
 [0.0977055  0.88634689]
 [0.0977055  0.88634689]
 [0.0977055  0.88634689]
 [0.0977055  0.88634689]]",0.3667413611290352,0.4552000849343643,,,131,145,67344,67212
DTLZ4,6,3,100,"[3.92136985e-34 4.59423319e-66 3.83082543e-01 3.83082543e-01
 3.83082543e-01 7.66165086e-01]","[[0.         0.31486689]
 [0.         0.31486689]
 [0.06821566 0.69794943]
 [0.06821566 0.69794943]
 [0.06821566 0.69794943]
 [0.4512982  1.0156785 ]]",0.329662925472126,0.40901158259481285,,,130,151,75036,87336
DTLZ4,6,4,100,"[3.92136985e-34 4.59423319e-66 2.65693351e-63 5.66329546e-01
 2.93397470e-22 8.49494319e-01]","[[0.         0.241669  ]
 [0.         0.241669  ]
 [0.         0.241669  ]
 [0.32466055 0.80799854]
 [0.         0.241669  ]
 [0.60782532 1.0156785 ]]",0.07294857893089038,0.23791354675230877,,,128,156,72228,89172
DTLZ4,6,5,100,[0.         0.         0.31385236 0.31385236 0.31385236 0.69228421],"[[0.         0.        ]
 [0.         0.        ]
 [0.24927286 0.37843185]
 [0.24927286 0.37843185]
 [0.24927286 0.37843185]
 [0.62770471 0.7568637 ]]",0.3775582658325179,0.28750300408021273,,,127,147,73680,71868
DTLZ4,6,6,100,[0.         0.         0.3598367  0.3598367  0.3598367  0.73813712],"[[0.         0.        ]
 [0.         0.        ]
 [0.34137298 0.37830042]
 [0.34137298 0.37830042]
 [0.34137298 0.37830042]
 [0.7196734  0.75660084]]",0.30808220481643217,0.35428229271940875,,,129,118,79188,89796
DTLZ4,6,7,100,[0.         0.         0.36961109 0.36961109 0.36961109 0.74776204],"[[0.         0.        ]
 [0.         0.        ]
 [0.36107121 0.37815096]
 [0.36107121 0.37815096]
 [0.36107121 0.37815096]
 [0.73922217 0.75630192]]",0.32655786651984803,0.37245090838206774,,,129,95,79200,100524
DTLZ1,7,1,100,"[0.26477285 0.36709229 0.51475289 0.21383544 0.58216055 0.23857757
 1.14552532]","[[0.         0.72725528]
 [0.         0.82957471]
 [0.05227047 0.97723531]
 [0.         0.67631787]
 [0.11967812 1.04464297]
 [0.         0.70105999]
 [1.14552532 1.14552532]]",0.8058642271755488,0.8698315835772192,,,0,53,54810,59472
DTLZ1,7,2,100,"[0.02958192 0.04539823 0.02899766 0.03947777 0.14850023 0.62118642
 0.27930246]","[[0.         0.1500782 ]
 [0.         0.16589451]
 [0.         0.14949394]
 [0.         0.15997406]
 [0.02800395 0.26899651]
 [0.50069014 0.7416827 ]
 [0.15880618 0.39979874]]",0.7990178575469243,0.8559964552971437,,,0,106,49210,63154
DTLZ1,7,3,100,"[0.00570667 0.01626976 0.00459299 0.009539   0.         0.92563969
 0.06436247]","[[0.         0.04847045]
 [0.         0.05903354]
 [0.         0.04735678]
 [0.         0.05230279]
 [0.         0.04276379]
 [0.8828759  0.96840348]
 [0.02159869 0.10712626]]",0.6074403681848659,0.6118109023948246,,,0,109,46536,61628
DTLZ1,7,4,100,"[0.         0.         0.         0.         0.         0.44528459
 0.27873272]","[[0.         0.18673633]
 [0.         0.18673633]
 [0.         0.18673633]
 [0.         0.18673633]
 [0.         0.18673633]
 [0.25854826 0.63202093]
 [0.09199639 0.46546906]]",0.8015314157413667,0.9378728601886603,,,0,114,59122,35686
DTLZ1,7,5,100,"[0.         0.         0.         0.         0.         0.37558059
 0.        ]","[[0.         0.        ]
 [0.         0.        ]
 [0.         0.        ]
 [0.         0.        ]
 [0.         0.        ]
 [0.33393268 0.4172285 ]
 [0.         0.        ]]",0.5701126055935606,1.063002956308408,,,3,8,58086,6370
DTLZ1,7,6,100,"[0.         0.         0.         0.         0.         0.37558059
 0.        ]","[[0.         0.        ]
 [0.         0.        ]
 [0.         0.        ]
 [0.         0.        ]
 [0.         0.        ]
 [0.33393268 0.4172285 ]
 [0.         0.        ]]",0.5708131496649411,0.7033792032374119,,,81,8,63000,5600
DTLZ1,7,7,100,"[0.         0.         0.         0.         0.         0.31318845
 0.        ]","[[0.         0.        ]
 [0.         0.        ]
 [0.         0.        ]
 [0.         0.        ]
 [0.         0.        ]
 [0.25378646 0.37259044]
 [0.         0.        ]]",0.5701652376197395,0.6400201163549043,,,89,7,63000,5600
DTLZ2,7,1,100,"[3.11772047e-17 3.32662320e-17 2.95144166e-17 2.89505916e-18
 5.08296658e-18 1.64266947e-17 1.01184201e+00]","[[2.25431189e-17 3.98112906e-17]
 [2.46321461e-17 4.19003178e-17]
 [2.08803307e-17 3.81485024e-17]
 [0.00000000e+00 1.15291450e-17]
 [0.00000000e+00 1.37170524e-17]
 [7.79260883e-18 2.50607805e-17]
 [1.01184201e+00 1.01184201e+00]]",0.03905472700566263,0.12042663401493892,,,56,8,25298,6174
DTLZ2,7,2,100,"[1.60350407e-34 2.25905902e-34 0.00000000e+00 0.00000000e+00
 9.95993458e-01 2.48998365e-01 0.00000000e+00]","[[0.         0.15769346]
 [0.         0.15769346]
 [0.         0.15769346]
 [0.         0.15769346]
 [0.8383     1.15368692]
 [0.0913049  0.40669182]
 [0.         0.15769346]]",0.1438172457732736,0.1807259287180674,,,64,32,21686,7602
DTLZ2,7,3,100,"[9.11989702e-36 0.00000000e+00 0.00000000e+00 0.00000000e+00
 9.71942903e-01 0.00000000e+00 2.42985726e-01]","[[0.         0.1550771 ]
 [0.         0.1550771 ]
 [0.         0.1550771 ]
 [0.         0.1550771 ]
 [0.8168658  1.12702   ]
 [0.         0.1550771 ]
 [0.08790863 0.39806282]]",0.14404561016848952,0.18072592871747997,,,81,104,50540,63980
DTLZ2,7,4,100,"[9.11989702e-36 0.00000000e+00 0.00000000e+00 2.44986333e-01
 9.79945333e-01 0.00000000e+00 0.00000000e+00]","[[0.         0.26342758]
 [0.         0.26342758]
 [0.         0.26342758]
 [0.         0.50841391]
 [0.71651776 1.23722825]
 [0.         0.26342758]
 [0.         0.26342758]]",0.14382106047424612,0.1807259243837396,,,85,120,57470,69804
DTLZ2,7,5,100,"[0.         0.         0.         0.         0.92742985 0.
 0.1995611 ]","[[0.         0.        ]
 [0.         0.        ]
 [0.         0.        ]
 [0.         0.        ]
 [0.88436803 0.97049166]
 [0.         0.        ]
 [0.15649929 0.24262292]]",0.10684091575842874,0.09837491632321053,,,86,81,59178,86100
DTLZ2,7,6,100,"[0.         0.         0.         0.         0.9695064  0.
 0.24163765]","[[0.         0.        ]
 [0.         0.        ]
 [0.         0.        ]
 [0.         0.        ]
 [0.96852114 0.97049166]
 [0.         0.        ]
 [0.24065239 0.24262292]]",0.14243661484230477,0.15270299788434596,,,87,55,63014,84952
DTLZ2,7,7,100,"[0.         0.         0.         0.         0.96922344 0.
 0.24146211]","[[0.         0.        ]
 [0.         0.        ]
 [0.         0.        ]
 [0.         0.        ]
 [0.96809844 0.97034844]
 [0.         0.        ]
 [0.24033711 0.24258711]]",0.14206926415232143,0.15238784687092566,,,87,47,64330,95774
DTLZ3,7,1,100,"[3.58362678e-16 3.48256310e-16 2.58866531e-16 1.09033217e+00
 1.00719603e+00 2.98425989e-01 1.12710120e+00]","[[0.         1.15338244]
 [0.         1.10452596]
 [0.         1.2297387 ]
 [1.09033217 1.09033217]
 [1.00719603 1.00719603]
 [0.         1.08533636]
 [1.1271012  1.1271012 ]]",0.03536047767731639,0.46336063652635073,,,47,88,45626,34160
DTLZ3,7,2,100,"[3.56084167e-17 2.97060699e-17 0.00000000e+00 1.09033217e+00
 1.00719603e+00 1.08533636e+00 1.12710120e+00]","[[0.         1.15338244]
 [0.         1.10452596]
 [0.         1.2297387 ]
 [0.94491394 1.09033217]
 [1.00719603 1.00719603]
 [0.94491394 1.08533636]
 [1.01266115 1.1271012 ]]",0.07883521518652487,0.3379726186414725,,,47,4,52892,69776
DTLZ3,7,3,100,"[3.56084167e-17 2.97060699e-17 0.00000000e+00 0.00000000e+00
 2.56260559e-02 0.00000000e+00 1.12710120e+00]","[[0.         0.03993184]
 [0.         0.03993184]
 [0.         0.03993184]
 [0.         0.03993184]
 [0.         0.06555789]
 [0.         0.03993184]
 [1.1271012  1.1271012 ]]",0.055868768791132666,0.2340643644435794,,,78,2,39046,15652
DTLZ3,7,4,100,"[8.01809602e-19 1.84989334e-19 0.00000000e+00 1.09033217e+00
 1.00719603e+00 1.08533636e+00 4.32252432e-02]","[[0.         1.15338244]
 [0.         1.10452596]
 [0.         1.2297387 ]
 [1.09033217 1.09033217]
 [0.78194665 1.00719603]
 [0.78194665 1.08533636]
 [0.         1.1271012 ]]",0.421702929163796,0.49402197849355517,,,36,8,14266,56392
DTLZ3,7,5,100,"[0.         0.         0.         0.67853981 0.         0.
 1.1271012 ]","[[0.00000000e+00 0.00000000e+00]
 [0.00000000e+00 0.00000000e+00]
 [0.00000000e+00 0.00000000e+00]
 [6.09716268e-01 7.47363351e-01]
 [0.00000000e+00 1.24900090e-16]
 [0.00000000e+00 0.00000000e+00]
 [1.12710120e+00 1.12710120e+00]]",0.022290272807589728,0.3983106228351792,,,62,6,20328,41482
DTLZ3,7,6,100,"[0.         0.         0.         0.67853981 0.         0.
 1.1271012 ]","[[0.         0.        ]
 [0.         0.        ]
 [0.         0.        ]
 [0.60971627 0.74736335]
 [0.         0.        ]
 [0.         0.        ]
 [1.1271012  1.1271012 ]]",0.021712441201962907,0.3983106228351792,,,84,3,56448,93562
DTLZ3,7,7,100,[0.        0.        0.        0.6820833 0.        0.        1.1271012],"[[0.         0.        ]
 [0.         0.        ]
 [0.         0.        ]
 [0.61406674 0.75009986]
 [0.         0.        ]
 [0.         0.        ]
 [1.1271012  1.1271012 ]]",0.021444844350438082,0.034174788682917685,,,90,2,63658,97748
DTLZ4,7,1,100,"[1.56737879e-017 6.24445529e-182 1.08715426e-063 3.41201844e-023
 5.33669798e-099 2.04910158e-138 1.01879585e+000]","[[0.00000000e+00 7.60559019e-17]
 [0.00000000e+00 6.03821140e-17]
 [0.00000000e+00 6.03821140e-17]
 [0.00000000e+00 6.03821481e-17]
 [0.00000000e+00 6.03821140e-17]
 [0.00000000e+00 6.03821140e-17]
 [1.01879585e+00 1.01879585e+00]]",2.59065940476147,0.12042663401493893,,,2,37,2800,21644
DTLZ4,7,2,100,"[9.20252783e-034 6.24445529e-182 3.79077582e-001 3.79077582e-001
 5.33669798e-099 3.79077582e-001 7.58155164e-001]","[[0.         0.2629478 ]
 [0.         0.2629478 ]
 [0.11612978 0.64202538]
 [0.11612978 0.64202538]
 [0.         0.2629478 ]
 [0.11612978 0.64202538]
 [0.49520736 1.02110296]]",1.782237626084802,0.47981230126971824,,,2,105,2800,70266
DTLZ4,7,3,100,"[9.20252783e-034 6.24445529e-182 1.08715426e-063 3.34815187e-001
 5.33669798e-099 6.69630374e-001 6.69630374e-001]","[[0.         0.30570026]
 [0.         0.30570026]
 [0.         0.30570026]
 [0.02911493 0.64051545]
 [0.         0.30570026]
 [0.36393011 0.97533064]
 [0.36393011 0.97533064]]",1.777675050837301,0.17565441690255168,,,2,111,2800,75390
DTLZ4,7,4,100,"[2.76917143e-034 6.24445529e-182 1.08715426e-063 8.51556248e-040
 3.17653014e-001 3.17653014e-001 9.52959042e-001]","[[0.         0.32968065]
 [0.         0.32968065]
 [0.         0.32968065]
 [0.         0.32968065]
 [0.         0.64733366]
 [0.         0.64733366]
 [0.62327839 1.12311091]]",2.6826876389880137,0.30289452352318147,,,2,118,2800,80164
DTLZ4,7,5,100,"[0.         0.         0.18663635 0.18663635 0.         0.18663635
 0.56512825]","[[0.         0.        ]
 [0.         0.        ]
 [0.         0.3784919 ]
 [0.         0.3784919 ]
 [0.         0.        ]
 [0.         0.3784919 ]
 [0.37327271 0.7569838 ]]",1.8857806806731918,0.0509647752645696,,,2,125,2800,86296
DTLZ4,7,6,100,"[0.         0.         0.33730096 0.33730096 0.         0.33730096
 0.71579286]","[[0.         0.        ]
 [0.         0.        ]
 [0.29611003 0.3784919 ]
 [0.29611003 0.3784919 ]
 [0.         0.        ]
 [0.29611003 0.3784919 ]
 [0.67460193 0.7569838 ]]",1.8059878581041156,0.33582468900637674,,,2,126,2800,82068
DTLZ4,7,7,100,"[0.         0.         0.37006255 0.37006255 0.         0.37006255
 0.74855445]","[[0.         0.        ]
 [0.         0.        ]
 [0.3616332  0.3784919 ]
 [0.3616332  0.3784919 ]
 [0.         0.        ]
 [0.3616332  0.3784919 ]
 [0.74012509 0.7569838 ]]",1.7867354273383294,0.3754486684286394,,,2,73,2800,75712
DTLZ1,8,1,100,"[3.87167744e-02 5.36284852e-02 2.82938900e-02 0.00000000e+00
 7.44009445e-04 3.04766273e-01 1.09083369e+00 9.01815304e-02]","[[0.         0.75364749]
 [0.         0.7685592 ]
 [0.         0.74322461]
 [0.         0.71493072]
 [0.         0.71567473]
 [0.         1.00811779]
 [1.09083369 1.09083369]
 [0.         0.80511225]]",0.6419605138781241,0.6936497961798987,,,62,130,42736,84912
DTLZ1,8,2,100,"[0.         0.         0.         0.         0.         0.02588503
 0.35019974 1.240611  ]","[[0.         0.23076151]
 [0.         0.23076151]
 [0.         0.23076151]
 [0.         0.23076151]
 [0.         0.23076151]
 [0.         0.25664654]
 [0.11943823 0.58096125]
 [1.17541769 1.240611  ]]",0.6463529376681472,0.6638719825504286,,,38,71,63328,82608
DTLZ1,8,3,100,"[0.         0.         0.         0.         0.         0.00214843
 0.         0.86228068]","[[0.         0.0731575 ]
 [0.         0.0731575 ]
 [0.         0.0731575 ]
 [0.         0.0731575 ]
 [0.         0.0731575 ]
 [0.         0.07530593]
 [0.         0.0731575 ]
 [0.78912317 0.93543818]]",0.5700557601615547,0.5714386791238861,,,117,152,97328,109760
DTLZ1,8,4,100,"[0.         0.         0.         0.         0.         1.00811779
 1.09083369 0.00538023]","[[0.         0.53775988]
 [0.         0.53775988]
 [0.         0.53775988]
 [0.         0.53775988]
 [0.         0.53775988]
 [1.00811779 1.00811779]
 [1.09083369 1.09083369]
 [0.         0.54314011]]",0.7782860273130151,0.9326867750590613,,,127,161,76336,104912
DTLZ1,8,5,100,"[0.         0.         0.         0.         0.         0.
 0.         0.30848056]","[[0.         0.        ]
 [0.         0.        ]
 [0.         0.        ]
 [0.         0.        ]
 [0.         0.        ]
 [0.         0.        ]
 [0.         0.        ]
 [0.25376546 0.36319566]]",0.5713878740476326,0.6762334553471715,,,124,9,84496,7616
DTLZ1,8,6,100,"[0.         0.         0.         0.         0.         0.
 0.         0.30309277]","[[0.         0.        ]
 [0.         0.        ]
 [0.         0.        ]
 [0.         0.        ]
 [0.         0.        ]
 [0.         0.        ]
 [0.         0.        ]
 [0.24669115 0.3594944 ]]",0.572122691823703,0.5761110832266546,,,125,9,102160,6400
DTLZ1,8,7,100,"[0.         0.         0.         0.         0.         0.
 0.         0.30309277]","[[0.         0.        ]
 [0.         0.        ]
 [0.         0.        ]
 [0.         0.        ]
 [0.         0.        ]
 [0.         0.        ]
 [0.         0.        ]
 [0.24669115 0.3594944 ]]",0.5712522666059777,0.5761110832266546,,,125,9,102400,6400
DTLZ2,8,1,100,"[1.80215244e-17 4.67429900e-17 1.04391887e-17 1.98390439e-18
 1.14227516e-17 2.32848377e-18 1.03098287e+00 2.14674339e-02]","[[0.         0.15209672]
 [0.         0.15209672]
 [0.         0.15209672]
 [0.         0.15209672]
 [0.         0.15209672]
 [0.         0.15209672]
 [0.91109827 1.03098287]
 [0.         0.17356416]]",0.04854243328846165,0.09905345677075643,,,95,100,56480,88832
DTLZ2,8,2,100,"[1.27397250e-50 0.00000000e+00 0.00000000e+00 0.00000000e+00
 0.00000000e+00 0.00000000e+00 2.53059464e-01 1.01223786e+00]","[[0.         0.07198225]
 [0.         0.07198225]
 [0.         0.07198225]
 [0.         0.07198225]
 [0.         0.07198225]
 [0.         0.07198225]
 [0.18107722 0.32504171]
 [0.94025561 1.08422011]]",0.14521449485751353,0.18548104509206037,,,121,9,68672,7424
DTLZ2,8,3,100,"[2.19448679e-51 0.00000000e+00 0.00000000e+00 0.00000000e+00
 9.26899189e-01 0.00000000e+00 3.08966396e-01 3.08966396e-01]","[[0.         0.21283712]
 [0.         0.21283712]
 [0.         0.21283712]
 [0.         0.21283712]
 [0.71406207 1.04927141]
 [0.         0.21283712]
 [0.09612928 0.52180352]
 [0.09612928 0.52180352]]",0.0963020752904271,0.31758281297257135,,,93,9,30928,6400
DTLZ2,8,4,100,"[2.19448679e-51 0.00000000e+00 0.00000000e+00 0.00000000e+00
 6.69299874e-01 0.00000000e+00 3.34649937e-01 6.69299874e-01]","[[0.         0.18988398]
 [0.         0.18988398]
 [0.         0.18988398]
 [0.         0.18988398]
 [0.47941589 0.85918386]
 [0.         0.18988398]
 [0.14476595 0.52453392]
 [0.47941589 0.85918386]]",0.18526695990304878,0.9567953600115866,,,118,9,76672,6400
DTLZ2,8,5,100,"[0.         0.         0.         0.         0.84690722 0.
 0.24316185 0.24316185]","[[0.         0.        ]
 [0.         0.        ]
 [0.         0.        ]
 [0.         0.        ]
 [0.78819638 0.90561806]
 [0.         0.        ]
 [0.18445101 0.30187269]
 [0.18445101 0.30187269]]",0.10040842267818102,0.2276011273189375,,,115,9,86672,6400
DTLZ2,8,6,100,"[0.         0.         0.         0.         0.84634486 0.
 0.24297004 0.24297004]","[[0.         0.        ]
 [0.         0.        ]
 [0.         0.        ]
 [0.         0.        ]
 [0.78762749 0.90506224]
 [0.         0.        ]
 [0.18425266 0.30168741]
 [0.18425266 0.30168741]]",0.09693018418168296,0.13698982295466053,,,126,10,100528,6848
DTLZ2,8,7,100,"[0.         0.         0.         0.         0.8478433  0.
 0.24446847 0.24446847]","[[0.         0.        ]
 [0.         0.        ]
 [0.         0.        ]
 [0.         0.        ]
 [0.79062436 0.90506224]
 [0.         0.        ]
 [0.18724953 0.30168741]
 [0.18724953 0.30168741]]",0.10043918580072443,0.09367160694283659,,,123,13,102400,8560
DTLZ3,8,1,100,"[7.48003873e-16 0.00000000e+00 0.00000000e+00 9.81881278e-01
 1.02056255e+00 0.00000000e+00 1.21223591e+00 1.01999743e+00]","[[0.         1.03959529]
 [0.         1.03096751]
 [0.         1.00819273]
 [0.         1.09251287]
 [0.         1.02056255]
 [0.         1.14995051]
 [0.         1.21223591]
 [1.01999743 1.01999743]]",0.13186180586099525,0.5264070344098728,,,117,117,92688,101520
DTLZ3,8,2,100,"[4.30773656e-17 0.00000000e+00 0.00000000e+00 0.00000000e+00
 1.76480064e-02 0.00000000e+00 1.92644509e-02 1.01999743e+00]","[[0.         0.2151229 ]
 [0.         0.2151229 ]
 [0.         0.2151229 ]
 [0.         0.2151229 ]
 [0.         0.2327709 ]
 [0.         0.2151229 ]
 [0.         0.23438735]
 [1.01999743 1.01999743]]",0.07395133080944974,0.11675647229046805,,,86,10,54784,93296
DTLZ3,8,3,100,"[4.33062794e-33 0.00000000e+00 0.00000000e+00 0.00000000e+00
 0.00000000e+00 1.14995051e+00 1.21223591e+00 1.01999743e+00]","[[0.         1.03959529]
 [0.         1.03096751]
 [0.         1.00819273]
 [0.         1.09251287]
 [0.         1.02056255]
 [1.14995051 1.14995051]
 [0.62723052 1.21223591]
 [1.01999743 1.01999743]]",0.06206577961235574,0.3517211991254074,,,91,86,36048,106688
DTLZ3,8,4,100,"[4.33062794e-33 0.00000000e+00 0.00000000e+00 0.00000000e+00
 0.00000000e+00 0.00000000e+00 1.21223591e+00 0.00000000e+00]","[[0.         0.12083197]
 [0.         0.12083197]
 [0.         0.12083197]
 [0.         0.12083197]
 [0.         0.12083197]
 [0.         0.12083197]
 [1.21223591 1.21223591]
 [0.         0.12083197]]",0.03851480135164107,0.06560368616887004,,,74,86,73296,41184
DTLZ3,8,5,100,"[0.         0.         0.         0.         0.         1.14995051
 1.21223591 0.63053463]","[[0.         0.        ]
 [0.         0.        ]
 [0.         0.        ]
 [0.         0.        ]
 [0.         0.        ]
 [1.14995051 1.14995051]
 [1.21223591 1.21223591]
 [0.         1.01999743]]",0.927800097248239,0.9278000972472817,,,7,8,7216,7376
DTLZ3,8,6,100,"[0.         0.         0.         0.         0.         1.14995051
 1.21223591 0.63053463]","[[0.         0.        ]
 [0.         0.        ]
 [0.         0.        ]
 [0.         0.        ]
 [0.         0.        ]
 [1.14995051 1.14995051]
 [1.21223591 1.21223591]
 [0.         1.01999743]]",0.9278000972483056,0.9278000972483056,,,7,9,6400,6400
DTLZ3,8,7,100,"[0.         0.         0.         0.         0.         1.14995051
 1.21223591 0.63053463]","[[0.         0.        ]
 [0.         0.        ]
 [0.         0.        ]
 [0.         0.        ]
 [0.         0.        ]
 [1.14995051 1.14995051]
 [1.21223591 1.21223591]
 [0.         1.01999743]]",0.9278000972483049,0.9278000972483056,,,7,9,6400,6400
DTLZ4,8,1,100,"[3.27583649e-033 2.11330680e-034 1.35174774e-139 7.26444011e-201
 0.00000000e+000 1.25801981e-106 1.39351095e-050 1.00633027e+000]","[[0.00000000e+00 6.16199570e-17]
 [0.00000000e+00 6.16199570e-17]
 [0.00000000e+00 6.16199570e-17]
 [0.00000000e+00 6.16199570e-17]
 [0.00000000e+00 6.16199570e-17]
 [0.00000000e+00 6.16199570e-17]
 [0.00000000e+00 6.16199570e-17]
 [1.00633027e+00 1.00633027e+00]]",2.775189767307047,0.12352620511650635,,,6,17,7072,10000
DTLZ4,8,2,100,"[3.27583649e-33 4.86798391e-43 0.00000000e+00 3.02652653e-01
 0.00000000e+00 3.02652653e-01 1.39351095e-50 9.07957960e-01]","[[0.         0.30428249]
 [0.         0.30428249]
 [0.         0.30428249]
 [0.         0.60693514]
 [0.         0.30428249]
 [0.         0.60693514]
 [0.         0.30428249]
 [0.60367547 1.16949696]]",2.0108744711512068,0.3175828129725722,,,6,145,6400,98192
DTLZ4,8,3,100,"[2.68972027e-033 4.86798391e-043 0.00000000e+000 7.26444011e-201
 0.00000000e+000 2.43323580e-001 1.39351095e-050 9.73294322e-001]","[[0.         0.27234522]
 [0.         0.27234522]
 [0.         0.27234522]
 [0.         0.27234522]
 [0.         0.27234522]
 [0.         0.5156688 ]
 [0.         0.27234522]
 [0.7009491  1.16949696]]",2.1578565171030535,0.1854810450920607,,,6,152,6400,120352
DTLZ4,8,4,100,"[1.63986353e-033 3.19675985e-043 0.00000000e+000 7.26444011e-201
 3.36433995e-001 6.72867990e-001 1.39351095e-050 6.72867990e-001]","[[0.         0.36881069]
 [0.         0.36881069]
 [0.         0.36881069]
 [0.         0.36881069]
 [0.         0.70524469]
 [0.3040573  1.04167868]
 [0.         0.36881069]
 [0.3040573  1.04167868]]",0.9567953600115866,0.2897509919431463,,,6,161,6400,119856
DTLZ4,8,5,100,"[0.2658805 0.2658805 0.2658805 0.        0.        0.2658805 0.2658805
 0.       ]","[[0.07699168 0.45476933]
 [0.07699168 0.45476933]
 [0.07699168 0.45476933]
 [0.         0.        ]
 [0.         0.        ]
 [0.07699168 0.45476933]
 [0.07699168 0.45476933]
 [0.         0.        ]]",0.40341102702896536,0.44600874696015835,,,90,169,52560,126384
DTLZ4,8,6,100,"[0.36201856 0.36201856 0.36201856 0.         0.         0.36201856
 0.36201856 0.        ]","[[0.27670273 0.44733439]
 [0.27670273 0.44733439]
 [0.27670273 0.44733439]
 [0.         0.        ]
 [0.         0.        ]
 [0.27670273 0.44733439]
 [0.27670273 0.44733439]
 [0.         0.        ]]",0.4069538254663672,0.3983814308791684,,,90,177,73600,133920
DTLZ4,8,7,100,"[0.40453029 0.40453029 0.40453029 0.         0.         0.40453029
 0.40453029 0.        ]","[[0.3618374  0.44722319]
 [0.3618374  0.44722319]
 [0.3618374  0.44722319]
 [0.         0.        ]
 [0.         0.        ]
 [0.3618374  0.44722319]
 [0.3618374  0.44722319]
 [0.         0.        ]]",0.49602018111445306,0.40757652185396076,,,90,180,73600,141536
DTLZ1,9,1,100,"[0.0561574  0.03311432 0.02310048 0.02809175 1.34859752 0.
 0.21452086 0.45054181 0.        ]","[[0.         0.67738542]
 [0.         0.65434235]
 [0.         0.6443285 ]
 [0.         0.64931977]
 [1.34859752 1.34859752]
 [0.         0.62122802]
 [0.         0.83574889]
 [0.         1.03193463]
 [0.         0.62122802]]",0.9171324928756562,1.0027404831804712,,,133,17,104832,104562
DTLZ1,9,2,100,"[0.00615193 0.01175555 0.00227449 0.01148782 1.34859752 1.01425598
 0.         1.03193463 0.        ]","[[0.         1.17987715]
 [0.         1.17925238]
 [0.         1.23969403]
 [0.         1.0103385 ]
 [0.69410268 1.34859752]
 [1.01425598 1.01425598]
 [0.         1.25223913]
 [0.66061835 1.03193463]
 [0.         1.1973908 ]]",0.8117876943693937,1.3273397436044025,,,173,2,139284,162774
DTLZ1,9,3,100,"[0.00000000e+00 3.05214957e-04 0.00000000e+00 0.00000000e+00
 3.75871927e-02 1.67822540e-01 1.67822540e-01 5.11071067e-01
 0.00000000e+00]","[[0.         0.13073668]
 [0.         0.13104189]
 [0.         0.13073668]
 [0.         0.13073668]
 [0.         0.16832387]
 [0.03708586 0.29855922]
 [0.03708586 0.29855922]
 [0.38033439 0.64180775]
 [0.         0.13073668]]",0.6308171394517252,0.6972242076758124,,,173,0,139014,143046
DTLZ1,9,4,100,"[0.         0.         0.         0.         0.0081757  0.
 0.         0.38409675 0.        ]","[[0.         0.06088951]
 [0.         0.06088951]
 [0.         0.06088951]
 [0.         0.06088951]
 [0.         0.06906521]
 [0.         0.06088951]
 [0.         0.06088951]
 [0.32320724 0.44498626]
 [0.         0.06088951]]",0.5723432932268322,0.5968584140680975,,,173,1,141282,173970
DTLZ1,9,5,100,"[0.         0.         0.         0.         0.         0.01812821
 0.01812821 0.17706182 0.        ]","[[0.         0.        ]
 [0.         0.        ]
 [0.         0.        ]
 [0.         0.        ]
 [0.         0.        ]
 [0.         0.07592441]
 [0.         0.07592441]
 [0.11926561 0.23485802]
 [0.         0.        ]]",0.5877962151978082,0.5778151400329412,,,173,6,153864,183402
DTLZ1,9,6,100,"[0.         0.         0.         0.         0.         0.01812821
 0.01812821 0.17706182 0.        ]","[[0.         0.        ]
 [0.         0.        ]
 [0.         0.        ]
 [0.         0.        ]
 [0.         0.        ]
 [0.         0.07592441]
 [0.         0.07592441]
 [0.11926561 0.23485802]
 [0.         0.        ]]",0.583489295231888,0.5777487696026545,,,173,173,156600,203616
DTLZ1,9,7,100,"[0.         0.         0.         0.         0.         0.01812821
 0.01812821 0.17706182 0.        ]","[[0.         0.        ]
 [0.         0.        ]
 [0.         0.        ]
 [0.         0.        ]
 [0.         0.        ]
 [0.         0.07592441]
 [0.         0.07592441]
 [0.11926561 0.23485802]
 [0.         0.        ]]",0.5805035436642563,0.5767040152950504,,,173,228,156600,210078
DTLZ2,9,1,100,"[1.59498331e-18 2.31921192e-18 1.34419959e-18 2.60522519e-18
 7.55302035e-19 3.40230360e-18 1.02349585e+00 1.13673421e-17
 0.00000000e+00]","[[0.         0.12672332]
 [0.         0.12672332]
 [0.         0.12672332]
 [0.         0.12672332]
 [0.         0.12672332]
 [0.         0.12672332]
 [0.89677253 1.09466403]
 [0.         0.12672332]
 [0.         0.12672332]]",0.035882345833205,0.09283410354576171,,,135,139,96714,101214
DTLZ2,9,2,100,"[1.19549198e-35 6.22121123e-35 0.00000000e+00 0.00000000e+00
 0.00000000e+00 0.00000000e+00 2.58782101e-01 1.03512840e+00
 0.00000000e+00]","[[0.         0.11462804]
 [0.         0.11462804]
 [0.         0.11462804]
 [0.         0.11462804]
 [0.         0.11462804]
 [0.         0.11462804]
 [0.14415406 0.37341014]
 [0.92050036 1.06637656]
 [0.         0.11462804]]",0.1464805708498106,0.1895697149667625,,,158,179,75636,132174
DTLZ2,9,3,100,"[1.19549198e-35 6.47243720e-36 0.00000000e+00 0.00000000e+00
 0.00000000e+00 1.01031189e+00 2.52577973e-01 0.00000000e+00
 0.00000000e+00]","[[0.         0.0724395 ]
 [0.         0.0724395 ]
 [0.         0.0724395 ]
 [0.         0.0724395 ]
 [0.         0.0724395 ]
 [0.93787239 1.02520934]
 [0.18013847 0.32501748]
 [0.         0.0724395 ]
 [0.         0.0724395 ]]",0.18956971490081226,0.18953154810659784,,,8,166,10422,117270
DTLZ2,9,4,100,"[1.19549198e-35 6.47243720e-36 0.00000000e+00 0.00000000e+00
 1.00656125e+00 0.00000000e+00 0.00000000e+00 2.51640313e-01
 0.00000000e+00]","[[0.         0.2195495 ]
 [0.         0.2195495 ]
 [0.         0.2195495 ]
 [0.         0.2195495 ]
 [0.78701176 1.11102349]
 [0.         0.2195495 ]
 [0.         0.2195495 ]
 [0.03209081 0.47118981]
 [0.         0.2195495 ]]",0.14726250203405555,0.19819069216872132,,,108,207,16596,130374
DTLZ2,9,5,100,"[0.         0.         0.         0.         0.         0.
 0.19936311 0.92862577 0.        ]","[[0.         0.        ]
 [0.         0.        ]
 [0.         0.        ]
 [0.         0.        ]
 [0.         0.        ]
 [0.         0.        ]
 [0.15563867 0.24308755]
 [0.88490133 0.97235021]
 [0.         0.        ]]",0.1519396487142597,0.1519396487142597,,,8,10,9900,10800
DTLZ2,9,6,100,"[0.         0.         0.         0.         0.         0.
 0.19936311 0.92862577 0.        ]","[[0.         0.        ]
 [0.         0.        ]
 [0.         0.        ]
 [0.         0.        ]
 [0.         0.        ]
 [0.         0.        ]
 [0.15563867 0.24308755]
 [0.88490133 0.97235021]
 [0.         0.        ]]",0.15193964871419868,0.15193964871412932,,,8,8,9000,9000
DTLZ2,9,7,100,"[0.         0.         0.         0.         0.         0.
 0.19936311 0.92862577 0.        ]","[[0.         0.        ]
 [0.         0.        ]
 [0.         0.        ]
 [0.         0.        ]
 [0.         0.        ]
 [0.         0.        ]
 [0.15563867 0.24308755]
 [0.88490133 0.97235021]
 [0.         0.        ]]",0.11302298609006431,0.1519396487142597,,,92,10,40374,9000
DTLZ3,9,1,100,"[1.07335466e-16 1.01791220e-15 0.00000000e+00 0.00000000e+00
 3.46094440e-02 1.14580664e+00 1.03701417e+00 1.04477884e+00
 0.00000000e+00]","[[0.         1.09047003]
 [0.         1.06117856]
 [0.         1.07243041]
 [0.         1.21391176]
 [0.         1.09550262]
 [1.14580664 1.14580664]
 [0.         1.03701417]
 [1.04477884 1.04477884]
 [0.         1.04384661]]",0.07410505073822178,0.6837007300022409,,,116,71,138474,128628
DTLZ3,9,2,100,"[6.90929230e-34 0.00000000e+00 0.00000000e+00 0.00000000e+00
 2.88890470e-17 0.00000000e+00 3.50682644e-16 1.04477884e+00
 0.00000000e+00]","[[0.00000000e+00 1.56651855e-05]
 [0.00000000e+00 1.56651855e-05]
 [0.00000000e+00 1.56651855e-05]
 [0.00000000e+00 1.56651855e-05]
 [0.00000000e+00 1.56651855e-05]
 [0.00000000e+00 1.56651855e-05]
 [0.00000000e+00 1.56651855e-05]
 [1.04477884e+00 1.04477884e+00]
 [0.00000000e+00 1.56651855e-05]]",0.043743443257157386,0.432396390590131,,,139,0,131472,17298
DTLZ3,9,3,100,"[6.90929230e-34 0.00000000e+00 0.00000000e+00 0.00000000e+00
 0.00000000e+00 1.14580664e+00 0.00000000e+00 1.41961114e-02
 0.00000000e+00]","[[0.         1.09047003]
 [0.         1.06117856]
 [0.         1.07243041]
 [0.         1.21391176]
 [0.         1.09550262]
 [1.14580664 1.14580664]
 [0.         1.03701417]
 [0.         1.04477884]
 [0.         1.04384661]]",0.045361633868615796,1.010248384647954,,,151,0,121338,125334
DTLZ3,9,4,100,"[3.14106711e-35 0.00000000e+00 0.00000000e+00 0.00000000e+00
 0.00000000e+00 2.53318339e-01 0.00000000e+00 0.00000000e+00
 1.01327336e+00]","[[0.         0.10990441]
 [0.         0.10990441]
 [0.         0.10990441]
 [0.         0.10990441]
 [0.         0.10990441]
 [0.14341393 0.36322275]
 [0.         0.10990441]
 [0.         0.10990441]
 [0.90336894 1.04384661]]",0.14248674828729396,0.9782027809774653,,,163,4,109764,22986
DTLZ3,9,5,100,"[0.         0.23711362 0.         0.         0.         1.00224879
 0.         0.         0.        ]","[[0.         0.        ]
 [0.21918219 0.25504506]
 [0.         0.        ]
 [0.         0.        ]
 [0.         0.        ]
 [0.98431735 1.02018022]
 [0.         0.        ]
 [0.         0.        ]
 [0.         0.        ]]",0.14407034206767838,0.12900699219271378,,,172,15,93366,136962
DTLZ3,9,6,100,"[0.         0.21207597 0.         0.         0.         0.94684082
 0.         0.         0.        ]","[[0.         0.        ]
 [0.17923033 0.24492161]
 [0.         0.        ]
 [0.         0.        ]
 [0.         0.        ]
 [0.91399517 0.97968646]
 [0.         0.        ]
 [0.         0.        ]
 [0.         0.        ]]",0.1189931487089448,0.11276425667301228,,,173,121,156600,200754
DTLZ3,9,7,100,"[0.         0.21993042 0.         0.         0.         0.95212027
 0.         0.         0.        ]","[[0.         0.        ]
 [0.19579756 0.24406328]
 [0.         0.        ]
 [0.         0.        ]
 [0.         0.        ]
 [0.92798741 0.97625313]
 [0.         0.        ]
 [0.         0.        ]
 [0.         0.        ]]",0.1346658862403421,0.12293445630652765,,,173,129,156600,210438
DTLZ4,9,1,100,"[8.92913147e-050 8.65145168e-072 4.82217628e-001 4.82217628e-001
 4.82217628e-001 4.19919788e-092 1.55049301e-189 4.82217628e-001
 4.82217628e-001]","[[0.         0.62802798]
 [0.         0.62802798]
 [0.         1.11024561]
 [0.         1.07242656]
 [0.         1.11024561]
 [0.         0.62802798]
 [0.         0.62802798]
 [0.         1.09177691]
 [0.         1.08558498]]",0.3997884459978854,0.6313679272296221,,,172,184,140076,156258
DTLZ4,9,2,100,"[8.92913147e-50 8.65145168e-72 2.72597430e-76 4.98804290e-65
 4.53800797e-01 4.53800797e-01 4.53800797e-01 4.53800797e-01
 4.53800797e-01]","[[0.         0.42671164]
 [0.         0.42671164]
 [0.         0.42671164]
 [0.         0.42671164]
 [0.02708915 0.88051244]
 [0.02708915 0.88051244]
 [0.02708915 0.88051244]
 [0.02708915 0.88051244]
 [0.02708915 0.88051244]]",0.3968061216007953,0.5991169666151657,,,173,193,145548,169218
DTLZ4,9,3,100,"[8.92913147e-50 8.65145168e-72 4.25712199e-82 4.98804290e-65
 1.27424563e-48 3.81304865e-01 3.81304865e-01 3.81304865e-01
 7.62609730e-01]","[[0.         0.44693204]
 [0.         0.44693204]
 [0.         0.44693204]
 [0.         0.44693204]
 [0.         0.44693204]
 [0.         0.8282369 ]
 [0.         0.8282369 ]
 [0.         0.8282369 ]
 [0.31567769 1.08558498]]",0.4316189230133758,0.5994229211763813,,,171,202,147708,179280
DTLZ4,9,4,100,"[4.51617558e-050 8.65145168e-072 3.29575035e-085 4.98804290e-065
 1.27424563e-048 6.71453985e-182 1.55049301e-189 8.40375503e-001
 5.60250336e-001]","[[0.         0.3302435 ]
 [0.         0.3302435 ]
 [0.         0.3302435 ]
 [0.         0.3302435 ]
 [0.         0.3302435 ]
 [0.         0.3302435 ]
 [0.         0.3302435 ]
 [0.51013201 1.09177691]
 [0.23000684 0.89049383]]",0.04971627891897755,0.2808685263311603,,,172,211,138096,180846
DTLZ4,9,5,100,"[0.       0.       0.       0.       0.331387 0.331387 0.331387 0.331387
 0.331387]","[[0.         0.        ]
 [0.         0.        ]
 [0.         0.        ]
 [0.         0.        ]
 [0.21391748 0.44885652]
 [0.21391748 0.44885652]
 [0.21391748 0.44885652]
 [0.21391748 0.44885652]
 [0.21391748 0.44885652]]",0.42000556494460467,0.3837276093499766,,,168,219,123660,171954
DTLZ4,9,6,100,"[0.         0.         0.         0.         0.41561961 0.41561961
 0.41561961 0.41561961 0.41561961]","[[0.         0.        ]
 [0.         0.        ]
 [0.         0.        ]
 [0.         0.        ]
 [0.38336586 0.44787336]
 [0.38336586 0.44787336]
 [0.38336586 0.44787336]
 [0.38336586 0.44787336]
 [0.38336586 0.44787336]]",0.4009244563678968,0.42825740226701936,,,168,212,156600,189846
DTLZ4,9,7,100,"[0.         0.         0.         0.         0.43141373 0.43141373
 0.43141373 0.43141373 0.43141373]","[[0.         0.        ]
 [0.         0.        ]
 [0.         0.        ]
 [0.         0.        ]
 [0.41535414 0.44747332]
 [0.41535414 0.44747332]
 [0.41535414 0.44747332]
 [0.41535414 0.44747332]
 [0.41535414 0.44747332]]",0.4971651106939248,0.43988142878184877,,,173,209,156600,206532
